Time,1 ZONE VAV:DesPer 1:Des Heat Mass Flow [kg/s],1 ZONE VAV:DesPer 1:Des Heat Cap [W],1 ZONE VAV:DesPer 1:Des Cool Mass Flow [kg/s],1 ZONE VAV:DesPer 1:Des Sens Cool Cap [W],1 ZONE VAV:DesPer 1:Des Tot Cool Cap [W],1 ZONE VAV:DesPer 2:Des Heat Mass Flow [kg/s],1 ZONE VAV:DesPer 2:Des Heat Cap [W],1 ZONE VAV:DesPer 2:Des Cool Mass Flow [kg/s],1 ZONE VAV:DesPer 2:Des Sens Cool Cap [W],1 ZONE VAV:DesPer 2:Des Tot Cool Cap [W],1 ZONE VAV:DesPer 3:Des Heat Mass Flow [kg/s],1 ZONE VAV:DesPer 3:Des Heat Cap [W],1 ZONE VAV:DesPer 3:Des Cool Mass Flow [kg/s],1 ZONE VAV:DesPer 3:Des Sens Cool Cap [W],1 ZONE VAV:DesPer 3:Des Tot Cool Cap [W],1 ZONE VAV 1:DesPer 1:Des Heat Mass Flow [kg/s],1 ZONE VAV 1:DesPer 1:Des Heat Cap [W],1 ZONE VAV 1:DesPer 1:Des Cool Mass Flow [kg/s],1 ZONE VAV 1:DesPer 1:Des Sens Cool Cap [W],1 ZONE VAV 1:DesPer 1:Des Tot Cool Cap [W],1 ZONE VAV 1:DesPer 2:Des Heat Mass Flow [kg/s],1 ZONE VAV 1:DesPer 2:Des Heat Cap [W],1 ZONE VAV 1:DesPer 2:Des Cool Mass Flow [kg/s],1 ZONE VAV 1:DesPer 2:Des Sens Cool Cap [W],1 ZONE VAV 1:DesPer 2:Des Tot Cool Cap [W],1 ZONE VAV 1:DesPer 3:Des Heat Mass Flow [kg/s],1 ZONE VAV 1:DesPer 3:Des Heat Cap [W],1 ZONE VAV 1:DesPer 3:Des Cool Mass Flow [kg/s],1 ZONE VAV 1:DesPer 3:Des Sens Cool Cap [W],1 ZONE VAV 1:DesPer 3:Des Tot Cool Cap [W],1 ZONE VAV 2:DesPer 1:Des Heat Mass Flow [kg/s],1 ZONE VAV 2:DesPer 1:Des Heat Cap [W],1 ZONE VAV 2:DesPer 1:Des Cool Mass Flow [kg/s],1 ZONE VAV 2:DesPer 1:Des Sens Cool Cap [W],1 ZONE VAV 2:DesPer 1:Des Tot Cool Cap [W],1 ZONE VAV 2:DesPer 2:Des Heat Mass Flow [kg/s],1 ZONE VAV 2:DesPer 2:Des Heat Cap [W],1 ZONE VAV 2:DesPer 2:Des Cool Mass Flow [kg/s],1 ZONE VAV 2:DesPer 2:Des Sens Cool Cap [W],1 ZONE VAV 2:DesPer 2:Des Tot Cool Cap [W],1 ZONE VAV 2:DesPer 3:Des Heat Mass Flow [kg/s],1 ZONE VAV 2:DesPer 3:Des Heat Cap [W],1 ZONE VAV 2:DesPer 3:Des Cool Mass Flow [kg/s],1 ZONE VAV 2:DesPer 3:Des Sens Cool Cap [W],1 ZONE VAV 2:DesPer 3:Des Tot Cool Cap [W],1 ZONE VAV 3:DesPer 1:Des Heat Mass Flow [kg/s],1 ZONE VAV 3:DesPer 1:Des Heat Cap [W],1 ZONE VAV 3:DesPer 1:Des Cool Mass Flow [kg/s],1 ZONE VAV 3:DesPer 1:Des Sens Cool Cap [W],1 ZONE VAV 3:DesPer 1:Des Tot Cool Cap [W],1 ZONE VAV 3:DesPer 2:Des Heat Mass Flow [kg/s],1 ZONE VAV 3:DesPer 2:Des Heat Cap [W],1 ZONE VAV 3:DesPer 2:Des Cool Mass Flow [kg/s],1 ZONE VAV 3:DesPer 2:Des Sens Cool Cap [W],1 ZONE VAV 3:DesPer 2:Des Tot Cool Cap [W],1 ZONE VAV 3:DesPer 3:Des Heat Mass Flow [kg/s],1 ZONE VAV 3:DesPer 3:Des Heat Cap [W],1 ZONE VAV 3:DesPer 3:Des Cool Mass Flow [kg/s],1 ZONE VAV 3:DesPer 3:Des Sens Cool Cap [W],1 ZONE VAV 3:DesPer 3:Des Tot Cool Cap [W]
01:00:00,1.457798E+02,0.000000E+00,1.457798E+02,1.367938E+06,3.185074E+06,1.457798E+02,0.000000E+00,1.457798E+02,1.001718E+06,3.318942E+06,1.457798E+02,4.259547E+06,1.457798E+02,0.000000E+00,0.000000E+00,1.041284E+01,0.000000E+00,1.958346E+01,2.260005E+05,3.677487E+05,1.041284E+01,0.000000E+00,1.898776E+01,1.915071E+05,3.712574E+05,1.041284E+01,3.042534E+05,1.041284E+01,0.000000E+00,0.000000E+00,1.041284E+01,0.000000E+00,1.946941E+01,2.244045E+05,3.670072E+05,1.041284E+01,0.000000E+00,1.882896E+01,1.892849E+05,3.702033E+05,1.041284E+01,3.042534E+05,1.041284E+01,0.000000E+00,0.000000E+00,9.294418E+01,0.000000E+00,1.818789E+02,2.052040E+06,3.773067E+06,9.294418E+01,0.000000E+00,1.772077E+02,1.756490E+06,3.805610E+06,9.294418E+01,2.715741E+06,9.294418E+01,0.000000E+00,0.000000E+00
02:00:00,1.457798E+02,0.000000E+00,1.457798E+02,1.313444E+06,3.129234E+06,1.457798E+02,0.000000E+00,1.457798E+02,9.472243E+05,3.135527E+06,1.457798E+02,4.259547E+06,1.457798E+02,0.000000E+00,0.000000E+00,1.041284E+01,0.000000E+00,2.122648E+01,2.450930E+05,3.871073E+05,1.041284E+01,0.000000E+00,2.061929E+01,2.104388E+05,3.813705E+05,1.041284E+01,3.042534E+05,1.041284E+01,0.000000E+00,0.000000E+00,1.041284E+01,0.000000E+00,2.110917E+01,2.434512E+05,3.864996E+05,1.041284E+01,0.000000E+00,2.045731E+01,2.081719E+05,3.804620E+05,1.041284E+01,3.042534E+05,1.041284E+01,0.000000E+00,0.000000E+00,9.294418E+01,0.000000E+00,1.062599E+02,1.059678E+06,2.339721E+06,9.294418E+01,0.000000E+00,1.026555E+02,7.660736E+05,2.256326E+06,9.294418E+01,2.715741E+06,9.294418E+01,0.000000E+00,0.000000E+00
03:00:00,1.457798E+02,0.000000E+00,1.457798E+02,1.272574E+06,3.087357E+06,1.457798E+02,0.000000E+00,1.457798E+02,9.063541E+05,2.999783E+06,1.457798E+02,4.259547E+06,1.457798E+02,0.000000E+00,0.000000E+00,1.041284E+01,0.000000E+00,2.228667E+01,2.570059E+05,3.983489E+05,1.041284E+01,0.000000E+00,2.167713E+01,2.223188E+05,3.855930E+05,1.041284E+01,3.042534E+05,1.041284E+01,0.000000E+00,0.000000E+00,1.041284E+01,0.000000E+00,2.216793E+01,2.553440E+05,3.978347E+05,1.041284E+01,0.000000E+00,2.151414E+01,2.200378E+05,3.847437E+05,1.041284E+01,3.042534E+05,1.041284E+01,0.000000E+00,0.000000E+00,9.294418E+01,0.000000E+00,1.161075E+02,1.211460E+06,2.598880E+06,9.294418E+01,0.000000E+00,1.125649E+02,9.167582E+05,2.458870E+06,9.294418E+01,2.715741E+06,9.294418E+01,0.000000E+00,0.000000E+00
04:00:00,1.457798E+02,0.000000E+00,1.457798E+02,1.231704E+06,3.045477E+06,1.457798E+02,0.000000E+00,1.457798E+02,8.654839E+05,2.865570E+06,1.457798E+02,4.259547E+06,1.457798E+02,0.000000E+00,0.000000E+00,1.041284E+01,0.000000E+00,2.303854E+01,2.645931E+05,4.060989E+05,1.041284E+01,0.000000E+00,2.242437E+01,2.298388E+05,3.864820E+05,1.041284E+01,3.042534E+05,1.041284E+01,0.000000E+00,0.000000E+00,1.041284E+01,0.000000E+00,2.291681E+01,2.628879E+05,4.055925E+05,1.041284E+01,0.000000E+00,2.225827E+01,2.275124E+05,3.856117E+05,1.041284E+01,3.042534E+05,1.041284E+01,0.000000E+00,0.000000E+00,9.294418E+01,0.000000E+00,1.146624E+02,1.159701E+06,2.553452E+06,9.294418E+01,0.000000E+00,1.110597E+02,8.640549E+05,2.347753E+06,9.294418E+01,2.715741E+06,9.294418E+01,0.000000E+00,0.000000E+00
05:00:00,1.457798E+02,0.000000E+00,1.457798E+02,1.204457E+06,3.017560E+06,1.457798E+02,0.000000E+00,1.457798E+02,8.382372E+05,2.776934E+06,1.457798E+02,4.259547E+06,1.457798E+02,0.000000E+00,0.000000E+00,1.041284E+01,0.000000E+00,2.354644E+01,2.697500E+05,4.103370E+05,1.041284E+01,0.000000E+00,2.293044E+01,2.349701E+05,3.857065E+05,1.041284E+01,3.042534E+05,1.041284E+01,0.000000E+00,0.000000E+00,1.041284E+01,0.000000E+00,2.342317E+01,2.680230E+05,4.098267E+05,1.041284E+01,0.000000E+00,2.276296E+01,2.326241E+05,3.847340E+05,1.041284E+01,3.042534E+05,1.041284E+01,0.000000E+00,0.000000E+00,9.294418E+01,0.000000E+00,1.185726E+02,1.209305E+06,2.644790E+06,9.294418E+01,0.000000E+00,1.149682E+02,9.136809E+05,2.400619E+06,9.294418E+01,2.715741E+06,9.294418E+01,0.000000E+00,0.000000E+00
06:00:00,1.457798E+02,0.000000E+00,1.457798E+02,1.231704E+06,3.045477E+06,1.457798E+02,0.000000E+00,1.457798E+02,8.654839E+05,2.865570E+06,1.457798E+02,4.259547E+06,1.457798E+02,0.000000E+00,0.000000E+00,1.041284E+01,0.000000E+00,3.371831E+01,3.939056E+05,5.395762E+05,1.041284E+01,0.000000E+00,3.303989E+01,3.588348E+05,5.191363E+05,1.041284E+01,3.042534E+05,1.041284E+01,0.000000E+00,0.000000E+00,1.041284E+01,0.000000E+00,3.358388E+01,3.921375E+05,5.396743E+05,1.041284E+01,0.000000E+00,3.285760E+01,3.564380E+05,5.188015E+05,1.041284E+01,3.042534E+05,1.041284E+01,0.000000E+00,0.000000E+00,9.294418E+01,0.000000E+00,1.532740E+02,1.726547E+06,3.418634E+06,9.294418E+01,0.000000E+00,1.491911E+02,1.429190E+06,3.224037E+06,9.294418E+01,2.715741E+06,9.294418E+01,0.000000E+00,0.000000E+00
07:00:00,1.457798E+02,0.000000E+00,1.457798E+02,1.327068E+06,3.143194E+06,1.457798E+02,0.000000E+00,1.457798E+02,9.608477E+05,3.181120E+06,1.457798E+02,4.259547E+06,1.457798E+02,0.000000E+00,0.000000E+00,1.041284E+01,0.000000E+00,4.561629E+01,5.331937E+05,7.048352E+05,1.041284E+01,0.000000E+00,4.486505E+01,4.976627E+05,7.001348E+05,1.513123E+01,2.736392E+05,1.041284E+01,0.000000E+00,0.000000E+00,1.041284E+01,0.000000E+00,4.546513E+01,5.313039E+05,7.051449E+05,1.041284E+01,0.000000E+00,4.466456E+01,4.951575E+05,7.001743E+05,1.589337E+01,2.687030E+05,1.041284E+01,0.000000E+00,0.000000E+00,9.294418E+01,0.000000E+00,1.967246E+02,2.291986E+06,4.175459E+06,9.294418E+01,0.000000E+00,1.921883E+02,1.994610E+06,4.139851E+06,9.294418E+01,2.715741E+06,9.294418E+01,0.000000E+00,0.000000E+00
08:00:00,1.457798E+02,0.000000E+00,1.457798E+02,1.558665E+06,3.380507E+06,1.457798E+02,0.000000E+00,1.457798E+02,1.192445E+06,3.983458E+06,1.457798E+02,4.259547E+06,1.457798E+02,0.000000E+00,0.000000E+00,1.041284E+01,0.000000E+00,5.693886E+01,6.567418E+05,8.504317E+05,1.041284E+01,0.000000E+00,5.612810E+01,6.210167E+05,8.877726E+05,1.951753E+01,2.319712E+05,1.041284E+01,0.000000E+00,0.000000E+00,1.041284E+01,0.000000E+00,5.679806E+01,6.550705E+05,8.511125E+05,1.041284E+01,0.000000E+00,5.593480E+01,6.187256E+05,8.885133E+05,2.023540E+01,2.262832E+05,1.041284E+01,0.000000E+00,0.000000E+00,9.294418E+01,0.000000E+00,2.001847E+02,2.429844E+06,4.250250E+06,9.294418E+01,0.000000E+00,1.956025E+02,2.134405E+06,4.597314E+06,9.294418E+01,2.715741E+06,9.294418E+01,0.000000E+00,0.000000E+00
09:00:00,1.457798E+02,0.000000E+00,1.457798E+02,1.817510E+06,3.645737E+06,1.457798E+02,0.000000E+00,1.457798E+02,1.451290E+06,4.794878E+06,1.457798E+02,4.259547E+06,1.457798E+02,0.000000E+00,0.000000E+00,1.041284E+01,0.000000E+00,5.349786E+01,6.161124E+05,8.089303E+05,1.041284E+01,0.000000E+00,5.268523E+01,5.807552E+05,8.869172E+05,1.342956E+01,2.793355E+05,1.041284E+01,0.000000E+00,0.000000E+00,1.041284E+01,0.000000E+00,5.337515E+01,6.147186E+05,8.091864E+05,1.041284E+01,0.000000E+00,5.250906E+01,5.787553E+05,8.874739E+05,1.407216E+01,2.740286E+05,1.041284E+01,0.000000E+00,0.000000E+00,9.294418E+01,0.000000E+00,2.019546E+02,2.604975E+06,4.399602E+06,9.294418E+01,0.000000E+00,1.974077E+02,2.310683E+06,5.111586E+06,9.294418E+01,2.715741E+06,9.294418E+01,0.000000E+00,0.000000E+00
10:00:00,1.457798E+02,0.000000E+00,1.457798E+02,2.049107E+06,3.883047E+06,1.457798E+02,0.000000E+00,1.457798E+02,1.682887E+06,5.033950E+06,1.457798E+02,4.259547E+06,1.457798E+02,0.000000E+00,0.000000E+00,1.041284E+01,0.000000E+00,5.307307E+01,6.274305E+05,8.157145E+05,1.041284E+01,0.000000E+00,5.227681E+01,5.922702E+05,8.961486E+05,1.293331E+01,2.834372E+05,1.041284E+01,0.000000E+00,0.000000E+00,1.041284E+01,0.000000E+00,5.297821E+01,6.263536E+05,8.163219E+05,1.041284E+01,0.000000E+00,5.212942E+01,5.905981E+05,8.974611E+05,1.353032E+01,2.785078E+05,1.041284E+01,0.000000E+00,0.000000E+00,9.294418E+01,0.000000E+00,2.031369E+02,2.766107E+06,4.571546E+06,9.294418E+01,0.000000E+00,1.986367E+02,2.472443E+06,5.309225E+06,9.294418E+01,2.715741E+06,9.294418E+01,0.000000E+00,0.000000E+00
11:00:00,1.457798E+02,0.000000E+00,1.457798E+02,2.253458E+06,4.092439E+06,1.457798E+02,0.000000E+00,1.457798E+02,1.887238E+06,5.244898E+06,1.457798E+02,4.259547E+06,1.457798E+02,0.000000E+00,0.000000E+00,1.041284E+01,0.000000E+00,5.081238E+01,6.164181E+05,8.035571E+05,1.041284E+01,0.000000E+00,5.002102E+01,5.813134E+05,8.849694E+05,1.123147E+01,2.974924E+05,1.041284E+01,0.000000E+00,0.000000E+00,1.041284E+01,0.000000E+00,5.074728E+01,6.156781E+05,8.044143E+05,1.041284E+01,0.000000E+00,4.990357E+01,5.799794E+05,8.866955E+05,1.180059E+01,2.927928E+05,1.041284E+01,0.000000E+00,0.000000E+00,9.294418E+01,0.000000E+00,2.051566E+02,2.921894E+06,4.737292E+06,9.294418E+01,0.000000E+00,2.007130E+02,2.628863E+06,5.480745E+06,9.294418E+01,2.715741E+06,9.294418E+01,0.000000E+00,0.000000E+00
12:00:00,1.457798E+02,0.000000E+00,1.457798E+02,2.389692E+06,4.232033E+06,1.457798E+02,0.000000E+00,1.457798E+02,2.023472E+06,5.385528E+06,1.457798E+02,4.259547E+06,1.457798E+02,0.000000E+00,0.000000E+00,1.041284E+01,0.000000E+00,4.870148E+01,6.023176E+05,7.892740E+05,1.041284E+01,0.000000E+00,4.791933E+01,5.673157E+05,8.705810E+05,1.041284E+01,3.042534E+05,1.041284E+01,0.000000E+00,0.000000E+00,1.041284E+01,0.000000E+00,4.866810E+01,6.019359E+05,7.904739E+05,1.041284E+01,0.000000E+00,4.783383E+01,5.663421E+05,8.726148E+05,1.089799E+01,3.002464E+05,1.041284E+01,0.000000E+00,0.000000E+00,9.294418E+01,0.000000E+00,2.065044E+02,3.025881E+06,4.844256E+06,9.294418E+01,0.000000E+00,2.021033E+02,2.733332E+06,5.586936E+06,9.294418E+01,2.715741E+06,9.294418E+01,0.000000E+00,0.000000E+00
13:00:00,1.457798E+02,0.000000E+00,1.457798E+02,2.498679E+06,4.343709E+06,1.457798E+02,0.000000E+00,1.457798E+02,2.132459E+06,5.498033E+06,1.457798E+02,4.259547E+06,1.457798E+02,0.000000E+00,0.000000E+00,1.041284E+01,0.000000E+00,4.759729E+01,5.976425E+05,7.853951E+05,1.041284E+01,0.000000E+00,4.681910E+01,5.626855E+05,8.666436E+05,1.041284E+01,3.042534E+05,1.041284E+01,0.000000E+00,0.000000E+00,1.041284E+01,0.000000E+00,4.757907E+01,5.974320E+05,7.867679E+05,1.041284E+01,0.000000E+00,4.674880E+01,5.618835E+05,8.688272E+05,1.041284E+01,3.042534E+05,1.041284E+01,0.000000E+00,0.000000E+00,9.294418E+01,0.000000E+00,2.078921E+02,3.113344E+06,4.936238E+06,9.294418E+01,0.000000E+00,2.035170E+02,2.821106E+06,5.679783E+06,9.294418E+01,2.715741E+06,9.294418E+01,0.000000E+00,0.000000E+00
14:00:00,1.457798E+02,0.000000E+00,1.457798E+02,2.566796E+06,4.413506E+06,1.457798E+02,0.000000E+00,1.457798E+02,2.200576E+06,5.568347E+06,1.457798E+02,4.259547E+06,1.457798E+02,0.000000E+00,0.000000E+00,1.041284E+01,0.000000E+00,4.770932E+01,6.037634E+05,7.932306E+05,1.041284E+01,0.000000E+00,4.692881E+01,5.687801E+05,8.746954E+05,1.041284E+01,3.042534E+05,1.041284E+01,0.000000E+00,0.000000E+00,1.041284E+01,0.000000E+00,4.768442E+01,6.034776E+05,7.945349E+05,1.041284E+01,0.000000E+00,4.685181E+01,5.679026E+05,8.768446E+05,1.041284E+01,3.042534E+05,1.041284E+01,0.000000E+00,0.000000E+00,9.294418E+01,0.000000E+00,2.091703E+02,3.173469E+06,5.000478E+06,9.294418E+01,0.000000E+00,2.048057E+02,2.881351E+06,5.744936E+06,9.294418E+01,2.715741E+06,9.294418E+01,0.000000E+00,0.000000E+00
15:00:00,1.457798E+02,0.000000E+00,1.457798E+02,2.566796E+06,4.413506E+06,1.457798E+02,0.000000E+00,1.457798E+02,2.200576E+06,5.568347E+06,1.457798E+02,4.259547E+06,1.457798E+02,0.000000E+00,0.000000E+00,1.041284E+01,0.000000E+00,4.802572E+01,6.073236E+05,7.976187E+05,1.041284E+01,0.000000E+00,4.724361E+01,5.723214E+05,8.792440E+05,1.041284E+01,3.042534E+05,1.041284E+01,0.000000E+00,0.000000E+00,1.041284E+01,0.000000E+00,4.799346E+01,6.069548E+05,7.988438E+05,1.041284E+01,0.000000E+00,4.715922E+01,5.713604E+05,8.813411E+05,1.041284E+01,3.042534E+05,1.041284E+01,0.000000E+00,0.000000E+00,9.294418E+01,0.000000E+00,2.093752E+02,3.176067E+06,5.000500E+06,9.294418E+01,0.000000E+00,2.050083E+02,2.883912E+06,5.744477E+06,9.294418E+01,2.715741E+06,9.294418E+01,0.000000E+00,0.000000E+00
16:00:00,1.457798E+02,0.000000E+00,1.457798E+02,2.485056E+06,4.329749E+06,1.457798E+02,0.000000E+00,1.457798E+02,2.118836E+06,5.483969E+06,1.457798E+02,4.259547E+06,1.457798E+02,0.000000E+00,0.000000E+00,1.041284E+01,0.000000E+00,4.826588E+01,6.041887E+05,7.944549E+05,1.041284E+01,0.000000E+00,4.748309E+01,5.691782E+05,8.760962E+05,1.041284E+01,3.042534E+05,1.041284E+01,0.000000E+00,0.000000E+00,1.041284E+01,0.000000E+00,4.817938E+01,6.032084E+05,7.949904E+05,1.041284E+01,0.000000E+00,4.734454E+01,5.676066E+05,8.774958E+05,1.041284E+01,3.042534E+05,1.041284E+01,0.000000E+00,0.000000E+00,9.294418E+01,0.000000E+00,2.081434E+02,3.107620E+06,4.923066E+06,9.294418E+01,0.000000E+00,2.037606E+02,2.815267E+06,5.665380E+06,9.294418E+01,2.715741E+06,9.294418E+01,0.000000E+00,0.000000E+00
17:00:00,1.457798E+02,0.000000E+00,1.457798E+02,2.376069E+06,4.218073E+06,1.457798E+02,0.000000E+00,1.457798E+02,2.009849E+06,5.371464E+06,1.457798E+02,4.259547E+06,1.457798E+02,0.000000E+00,0.000000E+00,1.041284E+01,0.000000E+00,4.837820E+01,5.976692E+05,7.876211E+05,1.041284E+01,0.000000E+00,4.759431E+01,5.626460E+05,8.692078E+05,1.041284E+01,3.042534E+05,1.041284E+01,0.000000E+00,0.000000E+00,1.041284E+01,0.000000E+00,4.823156E+01,5.960111E+05,7.874197E+05,1.041284E+01,0.000000E+00,4.739564E+01,5.603969E+05,8.698561E+05,1.041284E+01,3.042534E+05,1.041284E+01,0.000000E+00,0.000000E+00,9.294418E+01,0.000000E+00,2.059678E+02,3.009368E+06,4.814268E+06,9.294418E+01,0.000000E+00,2.015619E+02,2.716732E+06,5.554657E+06,9.294418E+01,2.715741E+06,9.294418E+01,0.000000E+00,0.000000E+00
18:00:00,1.457798E+02,0.000000E+00,1.457798E+02,2.239835E+06,4.078480E+06,1.457798E+02,0.000000E+00,1.457798E+02,1.873615E+06,5.230834E+06,1.457798E+02,4.259547E+06,1.457798E+02,0.000000E+00,0.000000E+00,1.041284E+01,0.000000E+00,4.794111E+01,5.830117E+05,7.719467E+05,1.041284E+01,0.000000E+00,4.715883E+01,5.480072E+05,8.534076E+05,1.041284E+01,3.042534E+05,1.041284E+01,0.000000E+00,0.000000E+00,1.041284E+01,0.000000E+00,4.772984E+01,5.806254E+05,7.709547E+05,1.041284E+01,0.000000E+00,4.689547E+01,5.450291E+05,8.532351E+05,1.041284E+01,3.042534E+05,1.041284E+01,0.000000E+00,0.000000E+00,9.294418E+01,0.000000E+00,2.027897E+02,2.880501E+06,4.671580E+06,9.294418E+01,0.000000E+00,1.983566E+02,2.587535E+06,5.409493E+06,9.294418E+01,2.715741E+06,9.294418E+01,0.000000E+00,0.000000E+00
19:00:00,1.457798E+02,0.000000E+00,1.457798E+02,2.035484E+06,3.869087E+06,1.457798E+02,0.000000E+00,1.457798E+02,1.669264E+06,5.019887E+06,1.457798E+02,4.259547E+06,1.457798E+02,0.000000E+00,0.000000E+00,1.041284E+01,0.000000E+00,4.638623E+01,5.508901E+05,7.374148E+05,1.041284E+01,0.000000E+00,4.561102E+01,5.159666E+05,8.186126E+05,1.041284E+01,3.042534E+05,1.041284E+01,0.000000E+00,0.000000E+00,1.041284E+01,0.000000E+00,4.611707E+01,5.478514E+05,7.356833E+05,1.041284E+01,0.000000E+00,4.528982E+01,5.123371E+05,8.176398E+05,1.041284E+01,3.042534E+05,1.041284E+01,0.000000E+00,0.000000E+00,9.294418E+01,0.000000E+00,1.980929E+02,2.688129E+06,4.458109E+06,9.294418E+01,0.000000E+00,1.936266E+02,2.394765E+06,5.192284E+06,9.294418E+01,2.715741E+06,9.294418E+01,0.000000E+00,0.000000E+00
20:00:00,1.457798E+02,0.000000E+00,1.457798E+02,1.885627E+06,3.715533E+06,1.457798E+02,0.000000E+00,1.457798E+02,1.519407E+06,4.865193E+06,1.457798E+02,4.259547E+06,1.457798E+02,0.000000E+00,0.000000E+00,1.041284E+01,0.000000E+00,4.337309E+01,5.062244E+05,6.889490E+05,1.041284E+01,0.000000E+00,4.261838E+01,4.715347E+05,7.698365E+05,1.041284E+01,3.042534E+05,1.041284E+01,0.000000E+00,0.000000E+00,1.041284E+01,0.000000E+00,4.325626E+01,5.049033E+05,6.891305E+05,1.041284E+01,0.000000E+00,4.244829E+01,4.696093E+05,7.707210E+05,1.041284E+01,3.042534E+05,1.041284E+01,0.000000E+00,0.000000E+00,9.294418E+01,0.000000E+00,1.927996E+02,2.522620E+06,4.272114E+06,9.294418E+01,0.000000E+00,1.883149E+02,2.229058E+06,5.002905E+06,9.294418E+01,2.715741E+06,9.294418E+01,0.000000E+00,0.000000E+00
21:00:00,1.457798E+02,0.000000E+00,1.457798E+02,1.763016E+06,3.589897E+06,1.457798E+02,0.000000E+00,1.457798E+02,1.396796E+06,4.736571E+06,1.457798E+02,4.259547E+06,1.457798E+02,0.000000E+00,0.000000E+00,1.041284E+01,0.000000E+00,4.186075E+01,4.804235E+05,6.629251E+05,1.041284E+01,0.000000E+00,4.111837E+01,4.458745E+05,7.438218E+05,1.041284E+01,3.042534E+05,1.041284E+01,0.000000E+00,0.000000E+00,1.041284E+01,0.000000E+00,4.176734E+01,4.793662E+05,6.633470E+05,1.041284E+01,0.000000E+00,4.097092E+01,4.442042E+05,7.449373E+05,1.041284E+01,3.042534E+05,1.041284E+01,0.000000E+00,0.000000E+00,9.294418E+01,0.000000E+00,1.896807E+02,2.403223E+06,4.146746E+06,9.294418E+01,0.000000E+00,1.851768E+02,2.109433E+06,4.874809E+06,9.294418E+01,2.715741E+06,9.294418E+01,0.000000E+00,0.000000E+00
22:00:00,1.457798E+02,0.000000E+00,1.457798E+02,1.640406E+06,3.464263E+06,1.457798E+02,0.000000E+00,1.457798E+02,1.274186E+06,4.279429E+06,1.457798E+02,4.259547E+06,1.457798E+02,0.000000E+00,0.000000E+00,1.041284E+01,0.000000E+00,4.094600E+01,4.613522E+05,6.443837E+05,1.041284E+01,0.000000E+00,4.020513E+01,4.268205E+05,7.017669E+05,1.041284E+01,3.042534E+05,1.041284E+01,0.000000E+00,0.000000E+00,1.041284E+01,0.000000E+00,4.085960E+01,4.603740E+05,6.448459E+05,1.041284E+01,0.000000E+00,4.006450E+01,4.252273E+05,7.029333E+05,1.041284E+01,3.042534E+05,1.041284E+01,0.000000E+00,0.000000E+00,9.294418E+01,0.000000E+00,1.874016E+02,2.294882E+06,4.032342E+06,9.294418E+01,0.000000E+00,1.828724E+02,2.000771E+06,4.547716E+06,9.294418E+01,2.715741E+06,9.294418E+01,0.000000E+00,0.000000E+00
23:00:00,1.457798E+02,0.000000E+00,1.457798E+02,1.545042E+06,3.366547E+06,1.457798E+02,0.000000E+00,1.457798E+02,1.178822E+06,3.934796E+06,1.457798E+02,4.259547E+06,1.457798E+02,0.000000E+00,0.000000E+00,1.041284E+01,0.000000E+00,1.096909E+01,1.178437E+05,2.489736E+05,1.041284E+01,0.000000E+00,1.050170E+01,8.539640E+04,2.824506E+05,1.041284E+01,3.042534E+05,1.041284E+01,0.000000E+00,0.000000E+00,1.041284E+01,0.000000E+00,1.088016E+01,1.166467E+05,2.476515E+05,1.041284E+01,0.000000E+00,1.041284E+01,8.420156E+04,2.810568E+05,1.041284E+01,3.042534E+05,1.041284E+01,0.000000E+00,0.000000E+00,9.294418E+01,0.000000E+00,1.847376E+02,2.201907E+06,3.934213E+06,9.294418E+01,0.000000E+00,1.800843E+02,1.906474E+06,4.266009E+06,9.294418E+01,2.715741E+06,9.294418E+01,0.000000E+00,0.000000E+00
24:00:00,1.457798E+02,0.000000E+00,1.457798E+02,1.449678E+06,3.268830E+06,1.457798E+02,0.000000E+00,1.457798E+02,1.083458E+06,3.599366E+06,1.457798E+02,4.259547E+06,1.457798E+02,0.000000E+00,0.000000E+00,1.041284E+01,0.000000E+00,2.019725E+01,2.404261E+05,3.869144E+05,1.041284E+01,0.000000E+00,1.958152E+01,2.056527E+05,4.050480E+05,1.041284E+01,3.042534E+05,1.041284E+01,0.000000E+00,0.000000E+00,1.041284E+01,0.000000E+00,2.008557E+01,2.388634E+05,3.862259E+05,1.041284E+01,0.000000E+00,1.942364E+01,2.034435E+05,4.041756E+05,1.041284E+01,3.042534E+05,1.041284E+01,0.000000E+00,0.000000E+00,9.294418E+01,0.000000E+00,1.838338E+02,2.129689E+06,3.856608E+06,9.294418E+01,0.000000E+00,1.792185E+02,1.834824E+06,4.034281E+06,9.294418E+01,2.715741E+06,9.294418E+01,0.000000E+00,0.000000E+00
Coinc Peak   ,1.457798E+02,1.457798E+02,4.259547E+06,2.566796E+06,1.951753E+01,5.693886E+01,3.042534E+05,6.567418E+05,2.023540E+01,5.679806E+01,3.042534E+05,6.550705E+05,9.294418E+01,2.093752E+02,2.715741E+06,3.176067E+06
NonCoinc Peak,1.457798E+02,1.457798E+02,4.259547E+06,2.566796E+06,1.951753E+01,5.693886E+01,3.042534E+05,6.567418E+05,2.023540E+01,5.679806E+01,3.042534E+05,6.550705E+05,9.294418E+01,2.093752E+02,2.715741E+06,3.176067E+06
