Time,1 ZONE VAV:DesPer 1:Des Heat Mass Flow [kg/s],1 ZONE VAV:DesPer 1:Des Heat Cap [W],1 ZONE VAV:DesPer 1:Des Cool Mass Flow [kg/s],1 ZONE VAV:DesPer 1:Des Sens Cool Cap [W],1 ZONE VAV:DesPer 1:Des Tot Cool Cap [W],1 ZONE VAV:DesPer 2:Des Heat Mass Flow [kg/s],1 ZONE VAV:DesPer 2:Des Heat Cap [W],1 ZONE VAV:DesPer 2:Des Cool Mass Flow [kg/s],1 ZONE VAV:DesPer 2:Des Sens Cool Cap [W],1 ZONE VAV:DesPer 2:Des Tot Cool Cap [W],1 ZONE VAV:DesPer 3:Des Heat Mass Flow [kg/s],1 ZONE VAV:DesPer 3:Des Heat Cap [W],1 ZONE VAV:DesPer 3:Des Cool Mass Flow [kg/s],1 ZONE VAV:DesPer 3:Des Sens Cool Cap [W],1 ZONE VAV:DesPer 3:Des Tot Cool Cap [W],1 ZONE VAV 1:DesPer 1:Des Heat Mass Flow [kg/s],1 ZONE VAV 1:DesPer 1:Des Heat Cap [W],1 ZONE VAV 1:DesPer 1:Des Cool Mass Flow [kg/s],1 ZONE VAV 1:DesPer 1:Des Sens Cool Cap [W],1 ZONE VAV 1:DesPer 1:Des Tot Cool Cap [W],1 ZONE VAV 1:DesPer 2:Des Heat Mass Flow [kg/s],1 ZONE VAV 1:DesPer 2:Des Heat Cap [W],1 ZONE VAV 1:DesPer 2:Des Cool Mass Flow [kg/s],1 ZONE VAV 1:DesPer 2:Des Sens Cool Cap [W],1 ZONE VAV 1:DesPer 2:Des Tot Cool Cap [W],1 ZONE VAV 1:DesPer 3:Des Heat Mass Flow [kg/s],1 ZONE VAV 1:DesPer 3:Des Heat Cap [W],1 ZONE VAV 1:DesPer 3:Des Cool Mass Flow [kg/s],1 ZONE VAV 1:DesPer 3:Des Sens Cool Cap [W],1 ZONE VAV 1:DesPer 3:Des Tot Cool Cap [W],1 ZONE VAV 2:DesPer 1:Des Heat Mass Flow [kg/s],1 ZONE VAV 2:DesPer 1:Des Heat Cap [W],1 ZONE VAV 2:DesPer 1:Des Cool Mass Flow [kg/s],1 ZONE VAV 2:DesPer 1:Des Sens Cool Cap [W],1 ZONE VAV 2:DesPer 1:Des Tot Cool Cap [W],1 ZONE VAV 2:DesPer 2:Des Heat Mass Flow [kg/s],1 ZONE VAV 2:DesPer 2:Des Heat Cap [W],1 ZONE VAV 2:DesPer 2:Des Cool Mass Flow [kg/s],1 ZONE VAV 2:DesPer 2:Des Sens Cool Cap [W],1 ZONE VAV 2:DesPer 2:Des Tot Cool Cap [W],1 ZONE VAV 2:DesPer 3:Des Heat Mass Flow [kg/s],1 ZONE VAV 2:DesPer 3:Des Heat Cap [W],1 ZONE VAV 2:DesPer 3:Des Cool Mass Flow [kg/s],1 ZONE VAV 2:DesPer 3:Des Sens Cool Cap [W],1 ZONE VAV 2:DesPer 3:Des Tot Cool Cap [W],1 ZONE VAV 3:DesPer 1:Des Heat Mass Flow [kg/s],1 ZONE VAV 3:DesPer 1:Des Heat Cap [W],1 ZONE VAV 3:DesPer 1:Des Cool Mass Flow [kg/s],1 ZONE VAV 3:DesPer 1:Des Sens Cool Cap [W],1 ZONE VAV 3:DesPer 1:Des Tot Cool Cap [W],1 ZONE VAV 3:DesPer 2:Des Heat Mass Flow [kg/s],1 ZONE VAV 3:DesPer 2:Des Heat Cap [W],1 ZONE VAV 3:DesPer 2:Des Cool Mass Flow [kg/s],1 ZONE VAV 3:DesPer 2:Des Sens Cool Cap [W],1 ZONE VAV 3:DesPer 2:Des Tot Cool Cap [W],1 ZONE VAV 3:DesPer 3:Des Heat Mass Flow [kg/s],1 ZONE VAV 3:DesPer 3:Des Heat Cap [W],1 ZONE VAV 3:DesPer 3:Des Cool Mass Flow [kg/s],1 ZONE VAV 3:DesPer 3:Des Sens Cool Cap [W],1 ZONE VAV 3:DesPer 3:Des Tot Cool Cap [W]
01:00:00,1.457798E+02,0.000000E+00,1.457798E+02,1.367938E+06,3.185074E+06,1.457798E+02,0.000000E+00,1.457798E+02,1.001718E+06,3.318942E+06,1.457798E+02,4.259547E+06,1.457798E+02,0.000000E+00,0.000000E+00,1.041284E+01,0.000000E+00,1.959177E+01,2.261167E+05,3.678666E+05,1.041284E+01,0.000000E+00,1.899587E+01,1.916206E+05,3.713737E+05,1.041284E+01,3.042534E+05,1.041284E+01,0.000000E+00,0.000000E+00,1.041284E+01,0.000000E+00,1.947771E+01,2.245207E+05,3.671254E+05,1.041284E+01,0.000000E+00,1.883707E+01,1.893984E+05,3.703202E+05,1.041284E+01,3.042534E+05,1.041284E+01,0.000000E+00,0.000000E+00,9.294418E+01,0.000000E+00,1.818799E+02,2.052054E+06,3.773083E+06,9.294418E+01,0.000000E+00,1.772086E+02,1.756502E+06,3.805625E+06,9.294418E+01,2.715741E+06,9.294418E+01,0.000000E+00,0.000000E+00
02:00:00,1.457798E+02,0.000000E+00,1.457798E+02,1.313444E+06,3.129234E+06,1.457798E+02,0.000000E+00,1.457798E+02,9.472243E+05,3.135527E+06,1.457798E+02,4.259547E+06,1.457798E+02,0.000000E+00,0.000000E+00,1.041284E+01,0.000000E+00,2.123283E+01,2.451818E+05,3.871952E+05,1.041284E+01,0.000000E+00,2.062551E+01,2.105257E+05,3.814567E+05,1.041284E+01,3.042534E+05,1.041284E+01,0.000000E+00,0.000000E+00,1.041284E+01,0.000000E+00,2.111550E+01,2.435398E+05,3.865877E+05,1.041284E+01,0.000000E+00,2.046352E+01,2.082588E+05,3.805486E+05,1.041284E+01,3.042534E+05,1.041284E+01,0.000000E+00,0.000000E+00,9.294418E+01,0.000000E+00,1.062605E+02,1.059686E+06,2.339734E+06,9.294418E+01,0.000000E+00,1.026560E+02,7.660815E+05,2.256338E+06,9.294418E+01,2.715741E+06,9.294418E+01,0.000000E+00,0.000000E+00
03:00:00,1.457798E+02,0.000000E+00,1.457798E+02,1.272574E+06,3.087357E+06,1.457798E+02,0.000000E+00,1.457798E+02,9.063541E+05,2.999783E+06,1.457798E+02,4.259547E+06,1.457798E+02,0.000000E+00,0.000000E+00,1.041284E+01,0.000000E+00,2.229143E+01,2.570723E+05,3.984143E+05,1.041284E+01,0.000000E+00,2.168180E+01,2.223841E+05,3.856569E+05,1.041284E+01,3.042534E+05,1.041284E+01,0.000000E+00,0.000000E+00,1.041284E+01,0.000000E+00,2.217267E+01,2.554103E+05,3.979000E+05,1.041284E+01,0.000000E+00,2.151880E+01,2.201029E+05,3.848076E+05,1.041284E+01,3.042534E+05,1.041284E+01,0.000000E+00,0.000000E+00,9.294418E+01,0.000000E+00,1.161080E+02,1.211467E+06,2.598891E+06,9.294418E+01,0.000000E+00,1.125653E+02,9.167648E+05,2.458879E+06,9.294418E+01,2.715741E+06,9.294418E+01,0.000000E+00,0.000000E+00
04:00:00,1.457798E+02,0.000000E+00,1.457798E+02,1.231704E+06,3.045477E+06,1.457798E+02,0.000000E+00,1.457798E+02,8.654839E+05,2.865570E+06,1.457798E+02,4.259547E+06,1.457798E+02,0.000000E+00,0.000000E+00,1.041284E+01,0.000000E+00,2.304214E+01,2.646435E+05,4.061477E+05,1.041284E+01,0.000000E+00,2.242791E+01,2.298884E+05,3.865295E+05,1.041284E+01,3.042534E+05,1.041284E+01,0.000000E+00,0.000000E+00,1.041284E+01,0.000000E+00,2.292040E+01,2.629381E+05,4.056411E+05,1.041284E+01,0.000000E+00,2.226180E+01,2.275619E+05,3.856591E+05,1.041284E+01,3.042534E+05,1.041284E+01,0.000000E+00,0.000000E+00,9.294418E+01,0.000000E+00,1.146628E+02,1.159706E+06,2.553460E+06,9.294418E+01,0.000000E+00,1.110600E+02,8.640602E+05,2.347761E+06,9.294418E+01,2.715741E+06,9.294418E+01,0.000000E+00,0.000000E+00
05:00:00,1.457798E+02,0.000000E+00,1.457798E+02,1.204457E+06,3.017560E+06,1.457798E+02,0.000000E+00,1.457798E+02,8.382372E+05,2.776934E+06,1.457798E+02,4.259547E+06,1.457798E+02,0.000000E+00,0.000000E+00,1.041284E+01,0.000000E+00,2.354919E+01,2.697885E+05,4.103752E+05,1.041284E+01,0.000000E+00,2.293316E+01,2.350082E+05,3.857440E+05,1.041284E+01,3.042534E+05,1.041284E+01,0.000000E+00,0.000000E+00,1.041284E+01,0.000000E+00,2.342591E+01,2.680613E+05,4.098648E+05,1.041284E+01,0.000000E+00,2.276566E+01,2.326619E+05,3.847713E+05,1.041284E+01,3.042534E+05,1.041284E+01,0.000000E+00,0.000000E+00,9.294418E+01,0.000000E+00,1.185729E+02,1.209309E+06,2.644797E+06,9.294418E+01,0.000000E+00,1.149684E+02,9.136854E+05,2.400625E+06,9.294418E+01,2.715741E+06,9.294418E+01,0.000000E+00,0.000000E+00
06:00:00,1.457798E+02,0.000000E+00,1.457798E+02,1.231704E+06,3.045477E+06,1.457798E+02,0.000000E+00,1.457798E+02,8.654839E+05,2.865570E+06,1.457798E+02,4.259547E+06,1.457798E+02,0.000000E+00,0.000000E+00,1.041284E+01,0.000000E+00,1.041284E+01,8.797886E+04,2.175341E+05,1.041284E+01,0.000000E+00,1.041284E+01,6.182028E+04,2.046835E+05,1.041284E+01,3.042534E+05,1.041284E+01,0.000000E+00,0.000000E+00,1.041284E+01,0.000000E+00,1.041284E+01,8.797886E+04,2.175341E+05,1.041284E+01,0.000000E+00,1.041284E+01,6.182028E+04,2.046835E+05,1.041284E+01,3.042534E+05,1.041284E+01,0.000000E+00,0.000000E+00,9.294418E+01,0.000000E+00,1.296979E+02,1.400832E+06,2.921859E+06,9.294418E+01,0.000000E+00,1.259408E+02,1.104382E+06,2.720509E+06,9.294418E+01,2.715741E+06,9.294418E+01,0.000000E+00,0.000000E+00
07:00:00,1.457798E+02,0.000000E+00,1.457798E+02,1.327068E+06,3.143194E+06,1.457798E+02,0.000000E+00,1.457798E+02,9.608477E+05,3.181120E+06,1.457798E+02,4.259547E+06,1.457798E+02,0.000000E+00,0.000000E+00,1.041284E+01,0.000000E+00,4.312101E+01,5.115869E+05,6.991933E+05,1.041284E+01,0.000000E+00,4.211169E+01,4.725183E+05,6.908461E+05,1.513123E+01,2.736392E+05,1.041284E+01,0.000000E+00,0.000000E+00,1.041284E+01,0.000000E+00,4.293457E+01,5.091965E+05,6.992980E+05,1.041284E+01,0.000000E+00,4.186493E+01,4.693567E+05,6.905474E+05,1.589337E+01,2.687030E+05,1.041284E+01,0.000000E+00,0.000000E+00,9.294418E+01,0.000000E+00,2.010183E+02,2.327442E+06,4.243556E+06,9.294418E+01,0.000000E+00,1.963108E+02,2.029103E+06,4.208241E+06,9.294418E+01,2.715741E+06,9.294418E+01,0.000000E+00,0.000000E+00
08:00:00,1.457798E+02,0.000000E+00,1.457798E+02,1.558665E+06,3.380507E+06,1.457798E+02,0.000000E+00,1.457798E+02,1.192445E+06,3.983458E+06,1.457798E+02,4.259547E+06,1.457798E+02,0.000000E+00,0.000000E+00,1.041284E+01,0.000000E+00,6.381515E+01,7.390933E+05,9.547183E+05,1.041284E+01,0.000000E+00,6.299269E+01,7.031847E+05,9.930929E+05,1.951753E+01,2.319712E+05,1.041284E+01,0.000000E+00,0.000000E+00,1.041284E+01,0.000000E+00,6.366747E+01,7.373300E+05,9.561618E+05,1.041284E+01,0.000000E+00,6.279271E+01,7.008007E+05,9.948062E+05,2.023540E+01,2.262832E+05,1.041284E+01,0.000000E+00,0.000000E+00,9.294418E+01,0.000000E+00,2.032975E+02,2.464201E+06,4.308489E+06,9.294418E+01,0.000000E+00,1.986657E+02,2.168649E+06,4.656405E+06,9.294418E+01,2.715741E+06,9.294418E+01,0.000000E+00,0.000000E+00
09:00:00,1.457798E+02,0.000000E+00,1.457798E+02,1.817510E+06,3.645737E+06,1.457798E+02,0.000000E+00,1.457798E+02,1.451290E+06,4.794878E+06,1.457798E+02,4.259547E+06,1.457798E+02,0.000000E+00,0.000000E+00,1.041284E+01,0.000000E+00,5.945571E+01,6.834589E+05,8.802187E+05,1.041284E+01,0.000000E+00,5.863505E+01,6.480023E+05,9.585367E+05,1.342956E+01,2.793355E+05,1.041284E+01,0.000000E+00,0.000000E+00,1.041284E+01,0.000000E+00,5.932997E+01,6.820280E+05,8.805129E+05,1.041284E+01,0.000000E+00,5.845581E+01,6.459642E+05,9.591996E+05,1.407216E+01,2.740286E+05,1.041284E+01,0.000000E+00,0.000000E+00,9.294418E+01,0.000000E+00,2.042535E+02,2.634224E+06,4.433043E+06,9.294418E+01,0.000000E+00,1.996916E+02,2.339856E+06,5.145761E+06,9.294418E+01,2.715741E+06,9.294418E+01,0.000000E+00,0.000000E+00
10:00:00,1.457798E+02,0.000000E+00,1.457798E+02,2.049107E+06,3.883047E+06,1.457798E+02,0.000000E+00,1.457798E+02,1.682887E+06,5.033950E+06,1.457798E+02,4.259547E+06,1.457798E+02,0.000000E+00,0.000000E+00,1.041284E+01,0.000000E+00,5.552790E+01,6.551545E+05,8.388843E+05,1.041284E+01,0.000000E+00,5.472982E+01,6.199698E+05,9.190981E+05,1.293331E+01,2.834372E+05,1.041284E+01,0.000000E+00,0.000000E+00,1.041284E+01,0.000000E+00,5.543131E+01,6.540572E+05,8.394709E+05,1.041284E+01,0.000000E+00,5.458083E+01,6.182781E+05,9.203565E+05,1.353032E+01,2.785078E+05,1.041284E+01,0.000000E+00,0.000000E+00,9.294418E+01,0.000000E+00,2.039743E+02,2.776534E+06,4.580558E+06,9.294418E+01,0.000000E+00,1.994678E+02,2.482861E+06,5.318220E+06,9.294418E+01,2.715741E+06,9.294418E+01,0.000000E+00,0.000000E+00
11:00:00,1.457798E+02,0.000000E+00,1.457798E+02,2.253458E+06,4.092439E+06,1.457798E+02,0.000000E+00,1.457798E+02,1.887238E+06,5.244898E+06,1.457798E+02,4.259547E+06,1.457798E+02,0.000000E+00,0.000000E+00,1.041284E+01,0.000000E+00,5.256783E+01,6.362376E+05,8.207506E+05,1.041284E+01,0.000000E+00,5.177615E+01,6.011282E+05,9.019472E+05,1.123147E+01,2.974924E+05,1.041284E+01,0.000000E+00,0.000000E+00,1.041284E+01,0.000000E+00,5.250187E+01,6.354875E+05,8.215865E+05,1.041284E+01,0.000000E+00,5.165797E+01,5.997854E+05,9.036206E+05,1.180059E+01,2.927928E+05,1.041284E+01,0.000000E+00,0.000000E+00,9.294418E+01,0.000000E+00,2.056855E+02,2.928551E+06,4.744586E+06,9.294418E+01,0.000000E+00,2.012394E+02,2.635534E+06,5.488130E+06,9.294418E+01,2.715741E+06,9.294418E+01,0.000000E+00,0.000000E+00
12:00:00,1.457798E+02,0.000000E+00,1.457798E+02,2.389692E+06,4.232033E+06,1.457798E+02,0.000000E+00,1.457798E+02,2.023472E+06,5.385528E+06,1.457798E+02,4.259547E+06,1.457798E+02,0.000000E+00,0.000000E+00,1.041284E+01,0.000000E+00,4.985848E+01,6.153774E+05,8.022919E+05,1.041284E+01,0.000000E+00,4.907664E+01,5.803790E+05,8.835155E+05,1.041284E+01,3.042534E+05,1.041284E+01,0.000000E+00,0.000000E+00,1.041284E+01,0.000000E+00,4.982457E+01,6.149897E+05,8.034913E+05,1.041284E+01,0.000000E+00,4.899070E+01,5.794003E+05,8.855373E+05,1.089799E+01,3.002464E+05,1.041284E+01,0.000000E+00,0.000000E+00,9.294418E+01,0.000000E+00,2.068241E+02,3.029925E+06,4.848801E+06,9.294418E+01,0.000000E+00,2.024219E+02,2.737390E+06,5.591593E+06,9.294418E+01,2.715741E+06,9.294418E+01,0.000000E+00,0.000000E+00
13:00:00,1.457798E+02,0.000000E+00,1.457798E+02,2.498679E+06,4.343709E+06,1.457798E+02,0.000000E+00,1.457798E+02,2.132459E+06,5.498033E+06,1.457798E+02,4.259547E+06,1.457798E+02,0.000000E+00,0.000000E+00,1.041284E+01,0.000000E+00,4.840515E+01,6.067563E+05,7.949706E+05,1.041284E+01,0.000000E+00,4.762765E+01,5.718072E+05,8.762170E+05,1.041284E+01,3.042534E+05,1.041284E+01,0.000000E+00,0.000000E+00,1.041284E+01,0.000000E+00,4.838667E+01,6.065428E+05,7.963464E+05,1.041284E+01,0.000000E+00,4.755717E+01,5.710032E+05,8.784033E+05,1.041284E+01,3.042534E+05,1.041284E+01,0.000000E+00,0.000000E+00,9.294418E+01,0.000000E+00,2.080928E+02,3.115899E+06,4.938931E+06,9.294418E+01,0.000000E+00,2.037176E+02,2.823676E+06,5.682548E+06,9.294418E+01,2.715741E+06,9.294418E+01,0.000000E+00,0.000000E+00
14:00:00,1.457798E+02,0.000000E+00,1.457798E+02,2.566796E+06,4.413506E+06,1.457798E+02,0.000000E+00,1.457798E+02,2.200576E+06,5.568347E+06,1.457798E+02,4.259547E+06,1.457798E+02,0.000000E+00,0.000000E+00,1.041284E+01,0.000000E+00,4.826596E+01,6.100406E+05,7.995772E+05,1.041284E+01,0.000000E+00,4.748632E+01,5.750671E+05,8.810415E+05,1.041284E+01,3.042534E+05,1.041284E+01,0.000000E+00,0.000000E+00,1.041284E+01,0.000000E+00,4.824091E+01,6.097531E+05,8.008791E+05,1.041284E+01,0.000000E+00,4.740924E+01,5.741886E+05,8.831872E+05,1.041284E+01,3.042534E+05,1.041284E+01,0.000000E+00,0.000000E+00,9.294418E+01,0.000000E+00,2.092932E+02,3.175042E+06,5.002100E+06,9.294418E+01,0.000000E+00,2.049289E+02,2.882937E+06,5.746597E+06,9.294418E+01,2.715741E+06,9.294418E+01,0.000000E+00,0.000000E+00
15:00:00,1.457798E+02,0.000000E+00,1.457798E+02,2.566796E+06,4.413506E+06,1.457798E+02,0.000000E+00,1.457798E+02,2.200576E+06,5.568347E+06,1.457798E+02,4.259547E+06,1.457798E+02,0.000000E+00,0.000000E+00,1.041284E+01,0.000000E+00,4.841223E+01,6.116821E+05,8.018239E+05,1.041284E+01,0.000000E+00,4.763098E+01,5.766897E+05,8.834359E+05,1.041284E+01,3.042534E+05,1.041284E+01,0.000000E+00,0.000000E+00,1.041284E+01,0.000000E+00,4.837991E+01,6.113126E+05,8.030458E+05,1.041284E+01,0.000000E+00,4.754660E+01,5.757286E+05,8.855269E+05,1.041284E+01,3.042534E+05,1.041284E+01,0.000000E+00,0.000000E+00,9.294418E+01,0.000000E+00,2.094518E+02,3.177053E+06,5.001544E+06,9.294418E+01,0.000000E+00,2.050853E+02,2.884909E+06,5.745549E+06,9.294418E+01,2.715741E+06,9.294418E+01,0.000000E+00,0.000000E+00
16:00:00,1.457798E+02,0.000000E+00,1.457798E+02,2.485056E+06,4.329749E+06,1.457798E+02,0.000000E+00,1.457798E+02,2.118836E+06,5.483969E+06,1.457798E+02,4.259547E+06,1.457798E+02,0.000000E+00,0.000000E+00,1.041284E+01,0.000000E+00,4.853267E+01,6.071976E+05,7.973367E+05,1.041284E+01,0.000000E+00,4.775066E+01,5.721960E+05,8.789637E+05,1.041284E+01,3.042534E+05,1.041284E+01,0.000000E+00,0.000000E+00,1.041284E+01,0.000000E+00,4.844611E+01,6.062167E+05,7.978707E+05,1.041284E+01,0.000000E+00,4.761211E+01,5.706242E+05,8.803590E+05,1.041284E+01,3.042534E+05,1.041284E+01,0.000000E+00,0.000000E+00,9.294418E+01,0.000000E+00,2.081907E+02,3.108232E+06,4.923720E+06,9.294418E+01,0.000000E+00,2.038083E+02,2.815887E+06,5.666054E+06,9.294418E+01,2.715741E+06,9.294418E+01,0.000000E+00,0.000000E+00
17:00:00,1.457798E+02,0.000000E+00,1.457798E+02,2.376069E+06,4.218073E+06,1.457798E+02,0.000000E+00,1.457798E+02,2.009849E+06,5.371464E+06,1.457798E+02,4.259547E+06,1.457798E+02,0.000000E+00,0.000000E+00,1.041284E+01,0.000000E+00,4.856315E+01,5.997553E+05,7.896579E+05,1.041284E+01,0.000000E+00,4.777993E+01,5.647397E+05,8.712375E+05,1.041284E+01,3.042534E+05,1.041284E+01,0.000000E+00,0.000000E+00,1.041284E+01,0.000000E+00,4.841647E+01,5.980968E+05,7.894563E+05,1.041284E+01,0.000000E+00,4.758126E+01,5.624905E+05,8.718840E+05,1.041284E+01,3.042534E+05,1.041284E+01,0.000000E+00,0.000000E+00,9.294418E+01,0.000000E+00,2.059974E+02,3.009752E+06,4.814680E+06,9.294418E+01,0.000000E+00,2.015918E+02,2.717122E+06,5.555083E+06,9.294418E+01,2.715741E+06,9.294418E+01,0.000000E+00,0.000000E+00
18:00:00,1.457798E+02,0.000000E+00,1.457798E+02,2.239835E+06,4.078480E+06,1.457798E+02,0.000000E+00,1.457798E+02,1.873615E+06,5.230834E+06,1.457798E+02,4.259547E+06,1.457798E+02,0.000000E+00,0.000000E+00,1.041284E+01,0.000000E+00,4.806900E+01,5.844542E+05,7.733748E+05,1.041284E+01,0.000000E+00,4.728727E+01,5.494559E+05,8.548344E+05,1.041284E+01,3.042534E+05,1.041284E+01,0.000000E+00,0.000000E+00,1.041284E+01,0.000000E+00,4.785771E+01,5.820676E+05,7.723829E+05,1.041284E+01,0.000000E+00,4.702391E+01,5.464778E+05,8.546612E+05,1.041284E+01,3.042534E+05,1.041284E+01,0.000000E+00,0.000000E+00,9.294418E+01,0.000000E+00,2.028082E+02,2.880742E+06,4.671841E+06,9.294418E+01,0.000000E+00,1.983753E+02,2.587781E+06,5.409763E+06,9.294418E+01,2.715741E+06,9.294418E+01,0.000000E+00,0.000000E+00
19:00:00,1.457798E+02,0.000000E+00,1.457798E+02,2.035484E+06,3.869087E+06,1.457798E+02,0.000000E+00,1.457798E+02,1.669264E+06,5.019887E+06,1.457798E+02,4.259547E+06,1.457798E+02,0.000000E+00,0.000000E+00,1.041284E+01,0.000000E+00,4.647460E+01,5.518867E+05,7.384042E+05,1.041284E+01,0.000000E+00,4.569982E+01,5.169681E+05,8.196033E+05,1.041284E+01,3.042534E+05,1.041284E+01,0.000000E+00,0.000000E+00,1.041284E+01,0.000000E+00,4.620544E+01,5.488480E+05,7.366729E+05,1.041284E+01,0.000000E+00,4.537863E+01,5.133387E+05,8.186305E+05,1.041284E+01,3.042534E+05,1.041284E+01,0.000000E+00,0.000000E+00,9.294418E+01,0.000000E+00,1.981046E+02,2.688282E+06,4.458277E+06,9.294418E+01,0.000000E+00,1.936385E+02,2.394921E+06,5.192459E+06,9.294418E+01,2.715741E+06,9.294418E+01,0.000000E+00,0.000000E+00
20:00:00,1.457798E+02,0.000000E+00,1.457798E+02,1.885627E+06,3.715533E+06,1.457798E+02,0.000000E+00,1.457798E+02,1.519407E+06,4.865193E+06,1.457798E+02,4.259547E+06,1.457798E+02,0.000000E+00,0.000000E+00,1.041284E+01,0.000000E+00,4.343399E+01,5.069113E+05,6.896330E+05,1.041284E+01,0.000000E+00,4.267960E+01,4.722252E+05,7.705226E+05,1.041284E+01,3.042534E+05,1.041284E+01,0.000000E+00,0.000000E+00,1.041284E+01,0.000000E+00,4.331721E+01,5.055907E+05,6.898148E+05,1.041284E+01,0.000000E+00,4.250958E+01,4.703005E+05,7.714074E+05,1.041284E+01,3.042534E+05,1.041284E+01,0.000000E+00,0.000000E+00,9.294418E+01,0.000000E+00,1.928070E+02,2.522717E+06,4.272223E+06,9.294418E+01,0.000000E+00,1.883225E+02,2.229158E+06,5.003019E+06,9.294418E+01,2.715741E+06,9.294418E+01,0.000000E+00,0.000000E+00
21:00:00,1.457798E+02,0.000000E+00,1.457798E+02,1.763016E+06,3.589897E+06,1.457798E+02,0.000000E+00,1.457798E+02,1.396796E+06,4.736571E+06,1.457798E+02,4.259547E+06,1.457798E+02,0.000000E+00,0.000000E+00,1.041284E+01,0.000000E+00,4.190340E+01,4.809044E+05,6.634040E+05,1.041284E+01,0.000000E+00,4.116126E+01,4.463581E+05,7.443024E+05,1.041284E+01,3.042534E+05,1.041284E+01,0.000000E+00,0.000000E+00,1.041284E+01,0.000000E+00,4.181002E+01,4.798474E+05,6.638261E+05,1.041284E+01,0.000000E+00,4.101385E+01,4.446883E+05,7.454182E+05,1.041284E+01,3.042534E+05,1.041284E+01,0.000000E+00,0.000000E+00,9.294418E+01,0.000000E+00,1.896855E+02,2.403286E+06,4.146817E+06,9.294418E+01,0.000000E+00,1.851817E+02,2.109498E+06,4.874883E+06,9.294418E+01,2.715741E+06,9.294418E+01,0.000000E+00,0.000000E+00
22:00:00,1.457798E+02,0.000000E+00,1.457798E+02,1.640406E+06,3.464263E+06,1.457798E+02,0.000000E+00,1.457798E+02,1.274186E+06,4.279429E+06,1.457798E+02,4.259547E+06,1.457798E+02,0.000000E+00,0.000000E+00,1.041284E+01,0.000000E+00,4.097605E+01,4.616912E+05,6.447206E+05,1.041284E+01,0.000000E+00,4.023138E+01,4.271165E+05,7.020519E+05,1.041284E+01,3.042534E+05,1.041284E+01,0.000000E+00,0.000000E+00,1.041284E+01,0.000000E+00,4.088967E+01,4.607132E+05,6.451830E+05,1.041284E+01,0.000000E+00,4.009090E+01,4.255251E+05,7.032198E+05,1.041284E+01,3.042534E+05,1.041284E+01,0.000000E+00,0.000000E+00,9.294418E+01,0.000000E+00,1.874048E+02,2.294924E+06,4.032389E+06,9.294418E+01,0.000000E+00,1.828724E+02,2.000771E+06,4.547701E+06,9.294418E+01,2.715741E+06,9.294418E+01,0.000000E+00,0.000000E+00
23:00:00,1.457798E+02,0.000000E+00,1.457798E+02,1.545042E+06,3.366547E+06,1.457798E+02,0.000000E+00,1.457798E+02,1.178822E+06,3.934796E+06,1.457798E+02,4.259547E+06,1.457798E+02,0.000000E+00,0.000000E+00,1.041284E+01,0.000000E+00,1.098167E+01,1.180131E+05,2.491653E+05,1.041284E+01,0.000000E+00,1.051350E+01,8.555510E+04,2.826356E+05,1.041284E+01,3.042534E+05,1.041284E+01,0.000000E+00,0.000000E+00,1.041284E+01,0.000000E+00,1.089274E+01,1.168161E+05,2.478443E+05,1.041284E+01,0.000000E+00,1.041284E+01,8.420156E+04,2.810568E+05,1.041284E+01,3.042534E+05,1.041284E+01,0.000000E+00,0.000000E+00,9.294418E+01,0.000000E+00,1.847397E+02,2.201935E+06,3.934247E+06,9.294418E+01,0.000000E+00,1.800852E+02,1.906486E+06,4.266025E+06,9.294418E+01,2.715741E+06,9.294418E+01,0.000000E+00,0.000000E+00
24:00:00,1.457798E+02,0.000000E+00,1.457798E+02,1.449678E+06,3.268830E+06,1.457798E+02,0.000000E+00,1.457798E+02,1.083458E+06,3.599366E+06,1.457798E+02,4.259547E+06,1.457798E+02,0.000000E+00,0.000000E+00,1.041284E+01,0.000000E+00,2.020997E+01,2.406040E+05,3.870993E+05,1.041284E+01,0.000000E+00,1.959382E+01,2.058247E+05,4.052303E+05,1.041284E+01,3.042534E+05,1.041284E+01,0.000000E+00,0.000000E+00,1.041284E+01,0.000000E+00,2.009829E+01,2.390414E+05,3.864119E+05,1.041284E+01,0.000000E+00,1.943596E+01,2.036158E+05,4.043598E+05,1.041284E+01,3.042534E+05,1.041284E+01,0.000000E+00,0.000000E+00,9.294418E+01,0.000000E+00,1.838352E+02,2.129708E+06,3.856630E+06,9.294418E+01,0.000000E+00,1.792197E+02,1.834840E+06,4.034303E+06,9.294418E+01,2.715741E+06,9.294418E+01,0.000000E+00,0.000000E+00
Coinc Peak   ,1.457798E+02,1.457798E+02,4.259547E+06,2.566796E+06,1.951753E+01,6.381515E+01,3.042534E+05,7.390933E+05,2.023540E+01,6.366747E+01,3.042534E+05,7.373300E+05,9.294418E+01,2.094518E+02,2.715741E+06,3.177053E+06
NonCoinc Peak,1.457798E+02,1.457798E+02,4.259547E+06,2.566796E+06,1.951753E+01,6.381515E+01,3.042534E+05,7.390933E+05,2.023540E+01,6.366747E+01,3.042534E+05,7.373300E+05,9.294418E+01,2.094518E+02,2.715741E+06,3.177053E+06
