{
  "ChangeBuildingLocation": {
    "weather_file_name": "urbanopt_scenario_tests.epw",
    "climate_zone": "ASHRAE 169-2013-5B",
    "set_year": 0,
    "use_upstream_args": true,
    "epw_gsub": "Do Nothing",
    "reported_climate_zone": "ASHRAE 169-2013-5B",
    "applicable": true
  },
  "SetRunPeriod": {
    "timesteps_per_hour": 1,
    "begin_date": "2012-06-01",
    "end_date": "2012-06-01",
    "applicable": true
  },
  "CreateBarFromBuildingTypeRatios": {
    "bldg_type_a": "SmallOffice",
    "bldg_type_a_num_units": 1,
    "bldg_type_b": "SmallOffice",
    "bldg_type_b_fract_bldg_area": 0.0,
    "bldg_type_b_num_units": 1,
    "bldg_type_c": "SmallOffice",
    "bldg_type_c_fract_bldg_area": 0.0,
    "bldg_type_c_num_units": 1,
    "bldg_type_d": "SmallOffice",
    "bldg_type_d_fract_bldg_area": 0.0,
    "bldg_type_d_num_units": 1,
    "total_bldg_floor_area": 1000.0,
    "single_floor_area": 0.0,
    "floor_height": 0.0,
    "custom_height_bar": true,
    "num_stories_above_grade": 1.0,
    "num_stories_below_grade": 0,
    "building_rotation": 0.0,
    "template": "90.1-2004",
    "ns_to_ew_ratio": 0.0,
    "perim_mult": 0.0,
    "bar_sep_dist_mult": 10.0,
    "wwr": 0.0,
    "party_wall_fraction": 0.0,
    "party_wall_stories_north": 0,
    "party_wall_stories_south": 0,
    "party_wall_stories_east": 0,
    "party_wall_stories_west": 0,
    "bottom_story_ground_exposed_floor": true,
    "top_story_exterior_exposed_roof": true,
    "story_multiplier": "Basements Ground Mid Top",
    "make_mid_story_surfaces_adiabatic": true,
    "bar_division_method": "Multiple Space Types - Individual Stories Sliced",
    "double_loaded_corridor": "Primary Space Type",
    "space_type_sort_logic": "Building Type > Size",
    "use_upstream_args": true,
    "climate_zone": "Lookup From Stat File",
    "wall_area_ip": 1290.9944487358057,
    "ns_wall_area_ip": 774.5966692414827,
    "ew_wall_area_ip": 516.3977794943231,
    "floor_area_to_perim_ratio": 2.3609706478480432,
    "bar_width": 25.81988897471611,
    "applicable": true
  },
  "CreateTypicalBuildingFromModel": {
    "template": "90.1-2004",
    "system_type": "Inferred",
    "hvac_delivery_type": "Forced Air",
    "htg_src": "NaturalGas",
    "clg_src": "Electricity",
    "swh_src": "Inferred",
    "kitchen_makeup": "Adjacent",
    "exterior_lighting_zone": "3 - All Other Areas",
    "add_constructions": true,
    "add_space_type_loads": true,
    "add_elevators": true,
    "add_internal_mass": true,
    "add_exterior_lights": true,
    "onsite_parking_fraction": 1.0,
    "add_exhaust": true,
    "add_swh": true,
    "add_thermostat": true,
    "add_hvac": true,
    "add_refrigeration": true,
    "modify_wkdy_op_hrs": false,
    "wkdy_op_hrs_start_time": 8.0,
    "wkdy_op_hrs_duration": 8.0,
    "modify_wknd_op_hrs": false,
    "wknd_op_hrs_start_time": 8.0,
    "wknd_op_hrs_duration": 8.0,
    "unmet_hours_tolerance": 1.0,
    "remove_objects": true,
    "use_upstream_args": true,
    "enable_dst": true,
    "climate_zone": "Lookup From Model",
    "applicable": true
  },
  "predicted_mean_vote": {
    "comfortWarnings": true,
    "meanRadiantCalcType": "ZoneAveraged",
    "workEfficiencySchedule": "{a4acfbde-b780-4eee-9b54-34ba79832e1b}",
    "clothingSchedule": "{9631ab35-dd1c-431a-a1d1-c2b7efa0011d}",
    "airVelocitySchedule": "{f9ea3847-ac61-4a8c-a1cc-49ef7cb074e0}",
    "reporting_frequency": "Timestep",
    "applicable": true
  },
  "AddCostPerFloorAreaToBuilding": {
    "remove_costs": true,
    "lcc_name": "Building - Life Cycle Costs",
    "material_cost_ip": 100.0,
    "demolition_cost_ip": 0.0,
    "years_until_costs_start": 0,
    "demo_cost_initial_const": false,
    "expected_life": 20,
    "om_cost_ip": 0.0,
    "om_frequency": 1,
    "applicable": true
  },
  "TariffSelectionFlat": {
    "demand_window_length": "FullHour",
    "elec_rate": 0.12,
    "elec_demand_rate": 12.0,
    "elec_monthly_rate": 120.0,
    "gas_rate": 0.5,
    "gas_monthly_rate": 50.0,
    "water_rate": 0.005,
    "disthtg_rate": 0.2,
    "distclg_rate": 0.2,
    "applicable": true
  },
  "AddPackagedIceStorage": {
    "delimiter": "-----------------------------------------------------------------",
    "Zone Office WholeBuilding - Sm Office  - Story Ground PSZ-AC 1spd DX AC Clg Coil 21kBtu/hr 9.7SEER": true,
    "ice_cap": "AutoSize",
    "size_mult": "1.0",
    "ctl": "EMSControlled",
    "sched": "Simple User Sched",
    "wknd": true,
    "season": "01/01-12/31",
    "charge_start": "22:00",
    "charge_end": "07:00",
    "discharge_start": "12:00",
    "discharge_end": "18:00",
    "applicable": true
  },
  "DefaultFeatureReports": {
    "feature_id": "1",
    "feature_name": "Building 1",
    "feature_type": "Building",
    "feature_location": "[10, 0]",
    "reporting_frequency": "Timestep",
    "applicable": true
  }
}