{
  "id": "2",
  "name": "Building 2",
  "directory_name": "C:/urbanopt-scenario-gem/spec/test/example_scenario/2",
  "feature_type": "Building",
  "timesteps_per_hour": 1,
  "simulation_status": "Complete",
  "timeseries_csv": {
    "path": "C:/urbanopt-scenario-gem/spec/test/example_scenario/2/008_default_feature_reports/default_feature_reports.csv",
    "first_report_datetime": "0",
    "column_names": [
      "Datetime",
      "Electricity:Facility(kWh)",
      "ElectricityProduced:Facility()",
      "Gas:Facility(kBtu)",
      "Cooling:Electricity(kWh)",
      "Heating:Electricity(kWh)",
      "InteriorLights:Electricity(kWh)",
      "ExteriorLights:Electricity(kWh)",
      "InteriorEquipment:Electricity(kWh)",
      "Fans:Electricity(kWh)",
      "Pumps:Electricity(kWh)",
      "WaterSystems:Electricity()",
      "HeatRejection:Electricity()",
      "HeatRejection:Gas(kBtu)",
      "Heating:Gas(kBtu)",
      "WaterSystems:Gas(kBtu)",
      "InteriorEquipment:Gas(kBtu)",
      "DistrictCooling:Facility()",
      "DistrictHeating:Facility()",
      "District Cooling Chilled Water Rate()",
      "District Cooling Mass Flow Rate()",
      "District Cooling Inlet Temperature()",
      "District Cooling Outlet Temperature()",
      "District Heating Hot Water Rate()",
      "District Heating Mass Flow Rate()",
      "District Heating Inlet Temperature()",
      "District Heating Outlet Temperature()",
      "Cooling Coil Total Cooling Rate(W)",
      "ZONE OFFICE WHOLEBUILDING - SM OFFICE  - STORY GROUND PSZ-AC ELECTRIC BACKUP HTG COIL(W)",
      "ZONE OFFICE WHOLEBUILDING - SM OFFICE  - STORY GROUND PSZ-AC GAS HTG COIL(W)",
      "Zone Thermal Comfort Fanger Model PMV()",
      "Zone Thermal Comfort Fanger Model PPD()",
      "Net Electric Energy(kWh)",
      "Electricity:Facility Power(kW)",
      "ElectricityProduced:Facility Power(kW)",
      "Electricity:Facility Apparent Power(kVA)",
      "ElectricityProduced:Facility Apparent Power(kVA)",
      "Net Power(kW)",
      "Net Apparent Power(kVA)",
      "Ice Thermal Storage End Fraction()",
      "Cooling Coil Ice Thermal Storage End Fraction()"
    ]
  },
  "location": {
    "latitude_deg": 20.0,
    "longitude_deg": 0.0,
    "surface_elevation_ft": 1829.0
  },
  "program": {
    "floor_area_sqft": 2000.0421945288335,
    "conditioned_area_sqft": 2000.0421945288335,
    "unconditioned_area_sqft": 0.0,
    "footprint_area_sqft": 2000.0421945288335,
    "maximum_roof_height_ft": 0.0,
    "maximum_number_of_stories": 1,
    "number_of_residential_units": 1,
    "building_types": [
      {
        "building_type": "Office",
        "floor_area": 2000.0000000000095,
        "maximum_occupancy": 11.200000000000045
      }
    ],
    "window_area_sqft": {
      "north_window_area_sqft": 82.12863647949517,
      "south_window_area_sqft": 82.12863647949517,
      "east_window_area_sqft": 54.78830402105248,
      "west_window_area_sqft": 54.78830402105248,
      "total_window_area_sqft": 273.83388100109534
    },
    "wall_area_sqft": {
      "north_wall_area_sqft": 547.7754011063578,
      "south_wall_area_sqft": 547.7754011063578,
      "east_wall_area_sqft": 365.1118413347938,
      "west_wall_area_sqft": 365.1118413347938,
      "total_wall_area_sqft": 1825.774484882303
    },
    "roof_area_sqft": {
      "total_roof_area_sqft": 2000.0000000000095
    },
    "orientation_deg": 0.0,
    "aspect_ratio": 1.5002948113207546,
    "total_construction_cost_dollar": 200000.0
  },
  "construction_costs": [

  ],
  "reporting_periods": [
    {
      "start_date": {
        "month": 6,
        "day_of_month": 1,
        "year": "2012"
      },
      "end_date": {
        "month": 6,
        "day_of_month": 1,
        "year": "2012"
      },
      "total_site_energy_kwh": 83.33333333333333,
      "total_source_energy_kwh": 250.0,
      "net_site_energy_kwh": 83.33333333333333,
      "net_source_energy_kwh": 250.0,
      "total_utility_cost_dollar": 2087.38,
      "electricity_kwh": 75.0,
      "natural_gas_kwh": 8.333333333333334,
      "additional_fuel_kwh": 0.0,
      "district_cooling_kwh": 0.0,
      "district_heating_kwh": 0.0,
      "water_qbft": 0.03,
      "electricity_produced_kwh": 76.11111111111111,
      "end_uses": {
        "electricity_kwh": {
          "heating": 0.0,
          "cooling": 16.666666666666668,
          "interior_lighting": 25.0,
          "exterior_lighting": 8.333333333333334,
          "interior_equipment": 19.444444444444446,
          "exterior_equipment": 0.0,
          "fans": 8.333333333333334,
          "pumps": 0.0,
          "heat_rejection": 0.0,
          "humidification": 0.0,
          "heat_recovery": 0.0,
          "water_systems": 0.0,
          "refrigeration": 0.0,
          "generators": 0.0
        },
        "natural_gas_kwh": {
          "heating": 5.555555555555555,
          "cooling": 0.0,
          "interior_lighting": 0.0,
          "exterior_lighting": 0.0,
          "interior_equipment": 0.0,
          "exterior_equipment": 0.0,
          "fans": 0.0,
          "pumps": 0.0,
          "heat_rejection": 0.0,
          "humidification": 0.0,
          "heat_recovery": 0.0,
          "water_systems": 2.7777777777777777,
          "refrigeration": 0.0,
          "generators": 0.0
        },
        "additional_fuel_kwh": {
          "heating": 0.0,
          "cooling": 0.0,
          "interior_lighting": 0.0,
          "exterior_lighting": 0.0,
          "interior_equipment": 0.0,
          "exterior_equipment": 0.0,
          "fans": 0.0,
          "pumps": 0.0,
          "heat_rejection": 0.0,
          "humidification": 0.0,
          "heat_recovery": 0.0,
          "water_systems": 0.0,
          "refrigeration": 0.0,
          "generators": 0.0
        },
        "district_cooling_kwh": {
          "heating": 0.0,
          "cooling": 0.0,
          "interior_lighting": 0.0,
          "exterior_lighting": 0.0,
          "interior_equipment": 0.0,
          "exterior_equipment": 0.0,
          "fans": 0.0,
          "pumps": 0.0,
          "heat_rejection": 0.0,
          "humidification": 0.0,
          "heat_recovery": 0.0,
          "water_systems": 0.0,
          "refrigeration": 0.0,
          "generators": 0.0
        },
        "district_heating_kwh": {
          "heating": 0.0,
          "cooling": 0.0,
          "interior_lighting": 0.0,
          "exterior_lighting": 0.0,
          "interior_equipment": 0.0,
          "exterior_equipment": 0.0,
          "fans": 0.0,
          "pumps": 0.0,
          "heat_rejection": 0.0,
          "humidification": 0.0,
          "heat_recovery": 0.0,
          "water_systems": 0.0,
          "refrigeration": 0.0,
          "generators": 0.0
        },
        "water_qbft": {
          "heating": 0.0,
          "cooling": 0.0,
          "interior_lighting": 0.0,
          "exterior_lighting": 0.0,
          "interior_equipment": 0.0,
          "exterior_equipment": 0.0,
          "fans": 0.0,
          "pumps": 0.0,
          "heat_rejection": 0.0,
          "humidification": 0.0,
          "heat_recovery": 0.0,
          "water_systems": 8.333333333333334,
          "refrigeration": 0.0,
          "generators": 0.0
        }
      },
      "energy_production_kwh": {
        "electricity_produced": {
          "photovoltaic": 0.0
        }
      },
      "utility_costs_dollar": [
        {
          "fuel_type": "Electricity",
          "total_cost": 1487.19
        },
        {
          "fuel_type": "Natural Gas",
          "total_cost": 600.14
        }
      ],
      "comfort_result": {
        "time_setpoint_not_met_during_occupied_cooling": 0.0,
        "time_setpoint_not_met_during_occupied_heating": 0.0,
        "time_setpoint_not_met_during_occupied_hours": 0.0,
        "hours_out_of_comfort_bounds_PMV": 12.0,
        "hours_out_of_comfort_bounds_PPD": 9.0
      }
    }
  ],
  "distributed_generation": {
    "solar_pv": [

    ],
    "wind": [

    ],
    "generator": [

    ],
    "storage": [

    ]
  },
  "power_distribution": {
  },
  "thermal_storage": {
    "ptes_size_kwh": 67.2238888888889
  }
}
