Datetime,Electricity:Facility(kWh),ElectricityProduced:Facility(),Gas:Facility(kBtu),DistrictCooling:Facility(),DistrictHeating:Facility(),District Cooling Chilled Water Rate(),District Cooling Mass Flow Rate(),District Cooling Inlet Temperature(),District Cooling Outlet Temperature(),District Heating Hot Water Rate(),District Heating Mass Flow Rate(),District Heating Inlet Temperature(),District Heating Outlet Temperature(),Zone Thermal Comfort Fanger Model PMV ZONE OFFICE WHOLEBUILDING - SM OFFICE A  - STORY GROUND OFFICE WHOLEBUILDING - SM OFFICE PEOPLE(),Zone Thermal Comfort Fanger Model PMV ZONE OFFICE WHOLEBUILDING - SM OFFICE A END_A - STORY GROUND OFFICE WHOLEBUILDING - SM OFFICE PEOPLE(),Zone Thermal Comfort Fanger Model PMV ZONE OFFICE WHOLEBUILDING - SM OFFICE A END_B - STORY GROUND OFFICE WHOLEBUILDING - SM OFFICE PEOPLE(),Zone Thermal Comfort Fanger Model PMV ZONE OFFICE WHOLEBUILDING - SM OFFICE B  - STORY GROUND OFFICE WHOLEBUILDING - SM OFFICE PEOPLE(),Zone Thermal Comfort Fanger Model PMV ZONE OFFICE WHOLEBUILDING - SM OFFICE B END_A - STORY GROUND OFFICE WHOLEBUILDING - SM OFFICE PEOPLE(),Zone Thermal Comfort Fanger Model PMV ZONE OFFICE WHOLEBUILDING - SM OFFICE B END_B - STORY GROUND OFFICE WHOLEBUILDING - SM OFFICE PEOPLE(),Zone Thermal Comfort Fanger Model PMV ZONE OFFICE WHOLEBUILDING - SM OFFICE C  - STORY GROUND OFFICE WHOLEBUILDING - SM OFFICE PEOPLE(),Zone Thermal Comfort Fanger Model PMV ZONE OFFICE WHOLEBUILDING - SM OFFICE C END_A - STORY GROUND OFFICE WHOLEBUILDING - SM OFFICE PEOPLE(),Zone Thermal Comfort Fanger Model PMV ZONE OFFICE WHOLEBUILDING - SM OFFICE C END_B - STORY GROUND OFFICE WHOLEBUILDING - SM OFFICE PEOPLE(),Zone Thermal Comfort Fanger Model PPD ZONE OFFICE WHOLEBUILDING - SM OFFICE A  - STORY GROUND OFFICE WHOLEBUILDING - SM OFFICE PEOPLE(),Zone Thermal Comfort Fanger Model PPD ZONE OFFICE WHOLEBUILDING - SM OFFICE A END_A - STORY GROUND OFFICE WHOLEBUILDING - SM OFFICE PEOPLE(),Zone Thermal Comfort Fanger Model PPD ZONE OFFICE WHOLEBUILDING - SM OFFICE A END_B - STORY GROUND OFFICE WHOLEBUILDING - SM OFFICE PEOPLE(),Zone Thermal Comfort Fanger Model PPD ZONE OFFICE WHOLEBUILDING - SM OFFICE B  - STORY GROUND OFFICE WHOLEBUILDING - SM OFFICE PEOPLE(),Zone Thermal Comfort Fanger Model PPD ZONE OFFICE WHOLEBUILDING - SM OFFICE B END_A - STORY GROUND OFFICE WHOLEBUILDING - SM OFFICE PEOPLE(),Zone Thermal Comfort Fanger Model PPD ZONE OFFICE WHOLEBUILDING - SM OFFICE B END_B - STORY GROUND OFFICE WHOLEBUILDING - SM OFFICE PEOPLE(),Zone Thermal Comfort Fanger Model PPD ZONE OFFICE WHOLEBUILDING - SM OFFICE C  - STORY GROUND OFFICE WHOLEBUILDING - SM OFFICE PEOPLE(),Zone Thermal Comfort Fanger Model PPD ZONE OFFICE WHOLEBUILDING - SM OFFICE C END_A - STORY GROUND OFFICE WHOLEBUILDING - SM OFFICE PEOPLE(),Zone Thermal Comfort Fanger Model PPD ZONE OFFICE WHOLEBUILDING - SM OFFICE C END_B - STORY GROUND OFFICE WHOLEBUILDING - SM OFFICE PEOPLE(),Net Electric Energy(kWh),Electricity:Facility Power(kW),ElectricityProduced:Facility Power(kW),Electricity:Facility Apparent Power(kW),ElectricityProduced:Facility Apparent Power(kW),Net Power(kW),Net Apparent Power(kW)
2012/06/01 01:00:00,2.501999999999993,0,0.0,0,0,0,0,0,0,0,0,0,0,-0.23082275008430458,-0.36705683407204265,-0.43596591858266776,0.016653381603577055,-0.18965680995243478,-0.2615703472983502,-0.243490234745166,-0.38072062012026775,-0.4500273978250554,6.105464835001698,7.80458329423719,8.964442583175028,5.0057410471492005,5.745769526282331,6.420492564744208,6.230439503536857,8.018431341349071,9.22612771728673,2.501999999999993,2.501999999999993,0.0,2.7799999999999923,0.0,2.501999999999993,2.7799999999999923
2012/06/01 02:00:00,2.501999999999993,0,0.0,0,0,0,0,0,0,0,0,0,0,-0.19482848442271913,-0.3127714193064068,-0.3770358195134256,0.010568422933025403,-0.16217049257691424,-0.23244496291571048,-0.20855995837312316,-0.32435159186283863,-0.38887206814525,5.787063476430632,7.033451454788391,7.959977294395628,5.0023120828073075,5.545041628740435,6.121093217681391,5.902130989279044,7.187452199366518,8.14980194131644,2.501999999999993,2.501999999999993,0.0,2.7799999999999923,0.0,2.501999999999993,2.7799999999999923
2012/06/01 03:00:00,2.501999999999993,0,0.0,0,0,0,0,0,0,0,0,0,0,-0.19206876305396808,-0.30853205827018304,-0.37127256825973826,0.002846737436546667,-0.1645871118894055,-0.23341205846644641,-0.20548301896796656,-0.3209708562750692,-0.38410474939932326,5.764889010496859,6.9784938641753484,7.869713209706575,5.0001677551335035,5.561426066189981,6.130462738934298,5.875661011924237,7.141905640353315,8.072626247744495,2.501999999999993,2.501999999999993,0.0,2.7799999999999923,0.0,2.501999999999993,2.7799999999999923
2012/06/01 04:00:00,2.501999999999993,0,0.0,0,0,0,0,0,0,0,0,0,0,-0.209199038126944,-0.3278952859152261,-0.3877395487876873,-0.00903807775216997,-0.18362124263756527,-0.24989345142285505,-0.2214406321653896,-0.33966021180133843,-0.39990136244558844,5.907678495810785,7.235714407030287,8.13138023878372,5.00169096483269,5.698990775150804,6.29617649999723,6.017242593161811,7.3997641548380955,8.332072601774186,2.501999999999993,2.501999999999993,0.0,2.7799999999999923,0.0,2.501999999999993,2.7799999999999923
2012/06/01 05:00:00,2.6519999999999926,0,0.0,0,0,0,0,0,0,0,0,0,0,-0.23160550674889838,-0.35670160519171557,-0.4135630485726535,-0.022797816392563817,-0.20783353326928922,-0.270461037718631,-0.24288813679255836,-0.3677285686905435,-0.4249965944282578,6.1129921213118905,7.647817241578366,8.565062689261111,5.010759137972997,5.895846044292824,6.518993703369716,6.224346826633848,7.814910349262931,8.766200171423279,2.6519999999999926,2.6519999999999926,0.0,2.9466666666666583,0.0,2.6519999999999926,2.9466666666666583
2012/06/01 06:00:00,1.6349999999999938,0,0.0,0,0,0,0,0,0,0,0,0,0,-0.24221703091749935,-0.3731150321349146,-0.42737697982026457,-0.031394769671667766,-0.2225219275904423,-0.2816607035450064,-0.2531952894750282,-0.3839360997616855,-0.43855843887187396,6.217573798388216,7.898415835389059,8.80878074988631,5.020403969153065,6.0272221140270545,6.647816733291677,6.330747418546352,8.069913842340299,9.01205062280033,1.6349999999999938,1.6349999999999938,0.0,1.8166666666666598,0.0,1.6349999999999938,1.8166666666666598
2012/06/01 07:00:00,3.694260227455649,0,0.0,0,0,0,0,0,0,0,0,0,0,-0.182060743510699,-0.2951081478394768,-0.35036948240220833,-0.010097634852280733,-0.16942588471272488,-0.22899301097127642,-0.19369851700774718,-0.3065566471814154,-0.3616794747518404,5.687143637042041,6.809486415783766,7.554205522289337,5.002110678802353,5.5949643495619625,6.087969628701444,5.777945659586322,6.953145125600869,7.722606327835649,3.694260227455649,3.694260227455649,0.0,4.104733586061832,0.0,3.694260227455649,4.104733586061832
2012/06/01 08:00:00,6.1769514741135225,0,2.0415055695400137,0,0,0,0,0,0,0,0,0,0,-0.11649168710411649,-0.21022993226121967,-0.27275510173848416,0.021935932329815437,-0.09554631512257747,-0.16149205383585188,-0.14342070427587217,-0.2270441021460202,-0.29208685063346246,5.281082211224529,5.916663163577894,6.5449503386053465,5.009960988004536,5.189054005848746,5.5404856475954745,5.426187789207219,6.0694894080984625,6.772498303192947,6.1769514741135225,6.1769514741135225,0.0,6.863279415681691,0.0,6.1769514741135225,6.863279415681691
2012/06/01 09:00:00,6.134410794365831,0,1.9912942899154606,0,0,0,0,0,0,0,0,0,0,0.04075481406140421,-0.06517536088297285,-0.12728455451455517,0.19784424831409625,0.052950058839217815,-0.007376577961738875,0.015374819925906011,-0.08402244601971093,-0.1465405083127432,5.034385159581049,5.087948897472316,5.335618071510069,5.811659297694334,5.058045471669345,5.0011263977407765,5.004893341470208,5.146186965110232,5.4449486570550505,6.134410794365831,6.134410794365831,0.0,6.816011993739812,0.0,6.134410794365831,6.816011993739812
2012/06/01 10:00:00,6.137397902567527,0,0.2648244669058706,0,0,0,0,0,0,0,0,0,0,0.12184303313918164,0.019983916193504966,-0.04081972057357427,0.26185589595202713,0.13594158470997464,0.07561989136160523,0.09605481281028849,0.0018263935659583134,-0.06028814184730052,5.307517164865288,5.008267035934551,5.034494779262545,6.423604466460262,5.382861883143349,5.118403388760967,5.1910724794676355,5.0000690509467915,5.075251541255625,6.137397902567527,6.137397902567527,0.0,6.819331002852808,0.0,6.137397902567527,6.819331002852808
2012/06/01 11:00:00,6.187325810316126,0,2.094582014341455,0,0,0,0,0,0,0,0,0,0,0.17922247566930477,0.0840649459646842,0.016916155479267198,0.29002517150066437,0.20317202588854352,0.13681173786140693,0.15239045135824342,0.0663734467852231,-0.0038855186854744217,5.66585645287401,5.146334936662669,5.005923654967006,6.7474796005910775,5.856040754470158,5.387782961214697,5.481219528326434,5.09121270014866,5.000312520948526,6.187325810316126,6.187325810316126,0.0,6.874806455906806,0.0,6.187325810316126,6.874806455906806
2012/06/01 12:00:00,5.828462151920348,0,1.484318123346871,0,0,0,0,0,0,0,0,0,0,0.25007705951597875,0.1635458731007961,0.10184699018517375,0.30279060648100536,0.257452296154692,0.2094156864580564,0.2232737884433806,0.14638293003792022,0.08210991147985572,6.298086879183941,5.554336720734867,5.214821816316444,6.9052761813318995,6.375995735889603,5.909562983193709,6.034190093210583,5.443991347749176,5.1396056606998854,5.828462151920348,5.828462151920348,0.0,6.476069057689275,0.0,5.828462151920348,6.476069057689275
2012/06/01 13:00:00,7.352605421273285,0,0.4347392660851586,0,0,0,0,0,0,0,0,0,0,0.41125593787225345,0.370593997063826,0.3044339419677085,0.38911356410732856,0.37311341586895935,0.33900362191069405,0.3654338259746424,0.32123476758728553,0.2551402489477753,8.525155698838049,7.859178634398418,6.926090317343096,8.15373723375808,7.898390593121832,7.39045385420053,7.7797109937851445,7.14544372034203,6.351326093395144,7.352605421273285,7.352605421273285,0.0,8.16956157919254,0.0,7.352605421273285,8.16956157919254
2012/06/01 14:00:00,7.677305662600951,0,2.094582014341455,0,0,0,0,0,0,0,0,0,0,0.4045521199804964,0.4050044574146964,0.3697984094124067,0.3947268858554774,0.3995248443309482,0.3752468311863441,0.39253425483955734,0.3884575010036438,0.35521187762696593,8.41049079969855,8.418167229896312,7.846852422455555,8.245911291660434,8.325764483248392,7.931806506622323,8.20974669908395,8.14305218161634,7.6256401888661,7.677305662600951,7.677305662600951,0.0,8.530339625112168,0.0,7.677305662600951,8.530339625112168
2012/06/01 15:00:00,7.486548738850559,0,0.9067434329009564,0,0,0,0,0,0,0,0,0,0,0.36112865772525315,0.3541988518852936,0.3397416666494802,0.37035335256172375,0.3619943088834417,0.35090350699702905,0.35957010337077805,0.3499982154718291,0.33693357559693393,7.714278761699049,7.610613579540669,7.400920443523418,7.85544743019959,7.7273719735828195,7.562034474995102,7.690785649808291,7.548769791101876,7.361220913934744,7.486548738850559,7.486548738850559,0.0,8.318387487611732,0.0,7.486548738850559,8.318387487611732
2012/06/01 16:00:00,6.649503616247544,0,0.8304742859685531,0,0,0,0,0,0,0,0,0,0,0.32635199469549037,0.3136229476403218,0.30345599733423684,0.34345861329446287,0.3295450688913465,0.32156667864341526,0.32511053310459836,0.31076341199355,0.3021898202141533,7.214630582682702,7.044582132812209,6.913690118661748,7.453984103842558,7.258364805938953,7.149897617738674,7.1977435437299135,7.007325518668566,6.897695261292839,6.649503616247544,6.649503616247544,0.0,7.388337351386159,0.0,6.649503616247544,7.388337351386159
2012/06/01 17:00:00,4.279446860326156,0,2.7107611143403942,0,0,0,0,0,0,0,0,0,0,0.2912257614258587,0.3247961444913148,0.271263258692137,0.3068859641336717,0.34134037979568693,0.28864185672692344,0.29100141101269394,0.32372391086786867,0.27125004943736303,6.762027060558481,7.193477429141311,6.528045374373079,6.957359495770788,7.423671959448626,6.730793544820642,6.75930399833733,7.178959213084639,6.527896111293259,4.279446860326156,4.279446860326156,0.0,4.754940955917951,0.0,4.279446860326156,4.754940955917951
2012/06/01 18:00:00,1.6380798950070263,0,0.33916180054582484,0,0,0,0,0,0,0,0,0,0,0.1879351752009934,0.21913263297953733,0.10121800287227668,0.2693986248290151,0.2935109412647955,0.19323642338847258,0.16410902063993468,0.21172122379388994,0.0836724372220113,5.732270850292821,5.996105458761562,5.212175411073574,6.507047950415668,6.789884632168167,5.774232356370106,5.558165337027376,5.929739116241009,5.144971192857128,1.6380798950070263,1.6380798950070263,0.0,1.8200887722300292,0.0,1.6380798950070263,1.8200887722300292
2012/06/01 19:00:00,1.6380798950070263,0,1.1430306629420435,0,0,0,0,0,0,0,0,0,0,0.13968874268315015,0.14794410144752382,0.0041093721167166485,0.28910445148867847,0.2727973639232845,0.12953800347146088,0.13599751533352228,0.15071587862036492,0.003623976171167726,5.40427789046754,5.453521290859371,5.000349568349989,6.736364542376052,6.545430602759012,5.347615708720667,5.383177246794631,5.470691241266877,5.000271864035099,1.6380798950070263,1.6380798950070263,0.0,1.8200887722300292,0.0,1.6380798950070263,1.8200887722300292
2012/06/01 20:00:00,2.8022934905069836,0,1.869258161502202,0,0,0,0,0,0,0,0,0,0,0.07606130103848437,0.04224921536712926,-0.08858762034754218,0.2566576478197566,0.1987317549048824,0.058257214986141524,0.08214804628834131,0.04730043283895888,-0.08550039740158408,5.119790073440797,5.0369532740783995,5.162509711948587,6.367491442494611,5.818970000945157,5.070266182980006,5.139735405645993,5.046318518731951,5.151376731247751,2.8022934905069836,2.8022934905069836,0.0,3.1136594338966486,0.0,2.8022934905069836,3.1136594338966486
2012/06/01 21:00:00,2.8022934905069836,0,0.0,0,0,0,0,0,0,0,0,0,0,0.0074427379879434844,-0.06433963526083146,-0.16278302228467398,0.19173858413227376,0.08924074905834252,-0.014854227600209534,-0.001515001682415065,-0.07012724331995683,-0.17000113783198872,5.001146693570192,5.0857074547417085,5.549171485711653,5.762257329976492,5.164915664067465,5.004567570803715,5.000047512415534,5.1018239749838585,5.599016459181939,2.8022934905069836,2.8022934905069836,0.0,3.1136594338966486,0.0,2.8022934905069836,3.1136594338966486
2012/06/01 22:00:00,2.532213595499952,0,0.0,0,0,0,0,0,0,0,0,0,0,-0.059332999349252194,-0.15422987474039693,-0.2400376428142171,0.1354386657867035,0.006607372469733199,-0.08411428341989753,-0.07049553400852582,-0.16468640663240705,-0.25076262355571405,5.072885642773542,5.492918868701167,6.195709129615864,5.380032031471345,5.000903731179989,5.146506808264419,5.1028965293393185,5.562104481943024,6.305232462268918,2.532213595499952,2.532213595499952,0.0,2.8135706616666134,0.0,2.532213595499952,2.8135706616666134
2012/06/01 23:00:00,2.382213595499953,0,0.0,0,0,0,0,0,0,0,0,0,0,-0.1328190724729457,-0.24253501409455847,-0.3206609659786449,0.07487111255500647,-0.076079822527444,-0.1589964892075972,-0.14512116568112135,-0.2545359074747423,-0.33318379716235486,5.36546209201434,6.220780634348003,7.137754919458189,5.116069582785755,5.119848435149308,5.5238920255225,5.436363237459986,6.344914811916695,7.308730319937354,2.382213595499953,2.382213595499953,0.0,2.6469039949999478,0.0,2.382213595499953,2.6469039949999478
2012/06/02 00:00:00,2.501999999999993,0,0.0,0,0,0,0,0,0,0,0,0,0,-0.2111053451166355,-0.33542821447791227,-0.4085915205956944,0.020703046820133245,-0.16055265756073916,-0.23731931597391956,-0.2239110836887672,-0.34895795205291597,-0.42251885408154455,5.92432767847346,7.340076668270356,8.479351951991646,5.0088727393799815,5.534208907796781,6.1687170910953455,6.0401148740071875,7.5335704851748915,8.72213631090385,2.501999999999993,2.501999999999993,0.0,2.7799999999999923,0.0,2.501999999999993,2.7799999999999923
