{
  "id": "3",
  "name": "Building 3",
  "directory_name": "C:/gitrepos/urbanopt-scenario-gem/spec/test/example_scenario/3",
  "feature_type": "Building",
  "timesteps_per_hour": 1,
  "simulation_status": "Complete",
  "timeseries_csv": {
    "path": "C:/gitrepos/urbanopt-scenario-gem/spec/test/example_scenario/3/007_default_feature_reports/default_feature_reports.csv",
    "first_report_datetime": "0",
    "column_names": [
      "Datetime",
      "Electricity:Facility(kWh)",
      "ElectricityProduced:Facility()",
      "Gas:Facility(kBtu)",
      "DistrictCooling:Facility()",
      "DistrictHeating:Facility()",
      "District Cooling Chilled Water Rate()",
      "District Cooling Mass Flow Rate()",
      "District Cooling Inlet Temperature()",
      "District Cooling Outlet Temperature()",
      "District Heating Hot Water Rate()",
      "District Heating Mass Flow Rate()",
      "District Heating Inlet Temperature()",
      "District Heating Outlet Temperature()",
      "Zone Thermal Comfort Fanger Model PMV ZONE OFFICE WHOLEBUILDING - SM OFFICE A  - STORY GROUND OFFICE WHOLEBUILDING - SM OFFICE PEOPLE()",
      "Zone Thermal Comfort Fanger Model PMV ZONE OFFICE WHOLEBUILDING - SM OFFICE A END_A - STORY GROUND OFFICE WHOLEBUILDING - SM OFFICE PEOPLE()",
      "Zone Thermal Comfort Fanger Model PMV ZONE OFFICE WHOLEBUILDING - SM OFFICE A END_B - STORY GROUND OFFICE WHOLEBUILDING - SM OFFICE PEOPLE()",
      "Zone Thermal Comfort Fanger Model PMV ZONE OFFICE WHOLEBUILDING - SM OFFICE B  - STORY GROUND OFFICE WHOLEBUILDING - SM OFFICE PEOPLE()",
      "Zone Thermal Comfort Fanger Model PMV ZONE OFFICE WHOLEBUILDING - SM OFFICE B END_A - STORY GROUND OFFICE WHOLEBUILDING - SM OFFICE PEOPLE()",
      "Zone Thermal Comfort Fanger Model PMV ZONE OFFICE WHOLEBUILDING - SM OFFICE B END_B - STORY GROUND OFFICE WHOLEBUILDING - SM OFFICE PEOPLE()",
      "Zone Thermal Comfort Fanger Model PMV ZONE OFFICE WHOLEBUILDING - SM OFFICE C  - STORY GROUND OFFICE WHOLEBUILDING - SM OFFICE PEOPLE()",
      "Zone Thermal Comfort Fanger Model PMV ZONE OFFICE WHOLEBUILDING - SM OFFICE C END_A - STORY GROUND OFFICE WHOLEBUILDING - SM OFFICE PEOPLE()",
      "Zone Thermal Comfort Fanger Model PMV ZONE OFFICE WHOLEBUILDING - SM OFFICE C END_B - STORY GROUND OFFICE WHOLEBUILDING - SM OFFICE PEOPLE()",
      "Zone Thermal Comfort Fanger Model PPD ZONE OFFICE WHOLEBUILDING - SM OFFICE A  - STORY GROUND OFFICE WHOLEBUILDING - SM OFFICE PEOPLE()",
      "Zone Thermal Comfort Fanger Model PPD ZONE OFFICE WHOLEBUILDING - SM OFFICE A END_A - STORY GROUND OFFICE WHOLEBUILDING - SM OFFICE PEOPLE()",
      "Zone Thermal Comfort Fanger Model PPD ZONE OFFICE WHOLEBUILDING - SM OFFICE A END_B - STORY GROUND OFFICE WHOLEBUILDING - SM OFFICE PEOPLE()",
      "Zone Thermal Comfort Fanger Model PPD ZONE OFFICE WHOLEBUILDING - SM OFFICE B  - STORY GROUND OFFICE WHOLEBUILDING - SM OFFICE PEOPLE()",
      "Zone Thermal Comfort Fanger Model PPD ZONE OFFICE WHOLEBUILDING - SM OFFICE B END_A - STORY GROUND OFFICE WHOLEBUILDING - SM OFFICE PEOPLE()",
      "Zone Thermal Comfort Fanger Model PPD ZONE OFFICE WHOLEBUILDING - SM OFFICE B END_B - STORY GROUND OFFICE WHOLEBUILDING - SM OFFICE PEOPLE()",
      "Zone Thermal Comfort Fanger Model PPD ZONE OFFICE WHOLEBUILDING - SM OFFICE C  - STORY GROUND OFFICE WHOLEBUILDING - SM OFFICE PEOPLE()",
      "Zone Thermal Comfort Fanger Model PPD ZONE OFFICE WHOLEBUILDING - SM OFFICE C END_A - STORY GROUND OFFICE WHOLEBUILDING - SM OFFICE PEOPLE()",
      "Zone Thermal Comfort Fanger Model PPD ZONE OFFICE WHOLEBUILDING - SM OFFICE C END_B - STORY GROUND OFFICE WHOLEBUILDING - SM OFFICE PEOPLE()",
      "Net Electric Energy(kWh)",
      "Electricity:Facility Power(kW)",
      "ElectricityProduced:Facility Power(kW)",
      "Electricity:Facility Apparent Power(kW)",
      "ElectricityProduced:Facility Apparent Power(kW)",
      "Net Power(kW)",
      "Net Apparent Power(kW)"
    ]
  },
  "location": {
    "latitude": 39.74,
    "longitude": -105.18,
    "surface_elevation": 1829.0
  },
  "program": {
    "floor_area": 3000.0094722411663,
    "conditioned_area": 3000.0094722411663,
    "unconditioned_area": 0.0,
    "footprint_area": 3000.0094722411663,
    "maximum_roof_height": 0.0,
    "maximum_number_of_stories": 1,
    "number_of_residential_units": 1,
    "building_types": [
      {
        "building_type": "Office",
        "floor_area": 2999.999999999992,
        "maximum_occupancy": 16.799999999999944
      }
    ],
    "window_area": {
      "north_window_area": 100.6425623962359,
      "south_window_area": 100.6425623962359,
      "east_window_area": 67.05916189610157,
      "west_window_area": 67.05916189610157,
      "total_window_area": 335.40344858467495
    },
    "wall_area": {
      "north_wall_area": 670.8068971693499,
      "south_wall_area": 670.8068971693499,
      "east_wall_area": 447.2404778142889,
      "west_wall_area": 447.2404778142889,
      "total_wall_area": 2236.094749967278
    },
    "roof_area": {
      "total_roof_area": 2999.9999999999923
    },
    "orientation": 0.0,
    "aspect_ratio": 1.4998796630565585,
    "total_construction_cost": 300000.0
  },
  "construction_costs": [

  ],
  "reporting_periods": [
    {
      "start_date": {
        "month": 6,
        "day_of_month": 1,
        "year": "2012"
      },
      "end_date": {
        "month": 6,
        "day_of_month": 1,
        "year": "2012"
      },
      "total_site_energy": 350.69233451592737,
      "total_source_energy": 1080.5115171571817,
      "net_site_energy": 350.69233451592737,
      "net_source_energy": 1080.5115171571817,
      "electricity": 331.7359921096611,
      "natural_gas": 18.956342406266344,
      "additional_fuel": 0.0,
      "district_cooling": 0.0,
      "district_heating": 0.0,
      "water": 0.05,
      "electricity_produced": 335.5272605909143,
      "end_uses": {
        "electricity": {
          "heating": 0.0,
          "cooling": 18.956342406266344,
          "interior_lighting": 123.21622564073124,
          "exterior_lighting": 37.91268481253269,
          "interior_equipment": 94.78171203133174,
          "exterior_equipment": 0.0,
          "fans": 56.86902721879903,
          "pumps": 0.0,
          "heat_rejection": 0.0,
          "humidification": 0.0,
          "heat_recovery": 0.0,
          "water_systems": 0.0,
          "refrigeration": 0.0,
          "generators": 0.0
        },
        "natural_gas": {
          "heating": 0.0,
          "cooling": 0.0,
          "interior_lighting": 0.0,
          "exterior_lighting": 0.0,
          "interior_equipment": 0.0,
          "exterior_equipment": 0.0,
          "fans": 0.0,
          "pumps": 0.0,
          "heat_rejection": 0.0,
          "humidification": 0.0,
          "heat_recovery": 0.0,
          "water_systems": 18.956342406266344,
          "refrigeration": 0.0,
          "generators": 0.0
        },
        "additional_fuel": {
          "heating": 0.0,
          "cooling": 0.0,
          "interior_lighting": 0.0,
          "exterior_lighting": 0.0,
          "interior_equipment": 0.0,
          "exterior_equipment": 0.0,
          "fans": 0.0,
          "pumps": 0.0,
          "heat_rejection": 0.0,
          "humidification": 0.0,
          "heat_recovery": 0.0,
          "water_systems": 0.0,
          "refrigeration": 0.0,
          "generators": 0.0
        },
        "district_cooling": {
          "heating": 0.0,
          "cooling": 0.0,
          "interior_lighting": 0.0,
          "exterior_lighting": 0.0,
          "interior_equipment": 0.0,
          "exterior_equipment": 0.0,
          "fans": 0.0,
          "pumps": 0.0,
          "heat_rejection": 0.0,
          "humidification": 0.0,
          "heat_recovery": 0.0,
          "water_systems": 0.0,
          "refrigeration": 0.0,
          "generators": 0.0
        },
        "district_heating": {
          "heating": 0.0,
          "cooling": 0.0,
          "interior_lighting": 0.0,
          "exterior_lighting": 0.0,
          "interior_equipment": 0.0,
          "exterior_equipment": 0.0,
          "fans": 0.0,
          "pumps": 0.0,
          "heat_rejection": 0.0,
          "humidification": 0.0,
          "heat_recovery": 0.0,
          "water_systems": 0.0,
          "refrigeration": 0.0,
          "generators": 0.0
        },
        "water": {
          "heating": 0.0,
          "cooling": 0.0,
          "interior_lighting": 0.0,
          "exterior_lighting": 0.0,
          "interior_equipment": 0.0,
          "exterior_equipment": 0.0,
          "fans": 0.0,
          "pumps": 0.0,
          "heat_rejection": 0.0,
          "humidification": 0.0,
          "heat_recovery": 0.0,
          "water_systems": 47.39085601566587,
          "refrigeration": 0.0,
          "generators": 0.0
        }
      },
      "energy_production": {
        "electricity_produced": {
          "photovoltaic": 0.0
        }
      },
      "utility_costs": [
        {

        }
      ],
      "comfort_result": {
        "time_setpoint_not_met_during_occupied_cooling": 0.0,
        "time_setpoint_not_met_during_occupied_heating": 0.0,
        "time_setpoint_not_met_during_occupied_hours": 0.0,
        "hours_out_of_comfort_bounds_PMV": 0.0,
        "hours_out_of_comfort_bounds_PPD": 0.0
      }
    }
  ],
  "distributed_generation": {
    "solar_pv": [

    ],
    "wind": [

    ],
    "generator": [

    ],
    "storage": [

    ]
  },
  "power_distribution": {

  }
}
