{
  "ChangeBuildingLocation": {
    "weather_file_name": "urbanopt_scenario_tests.epw",
    "climate_zone": "ASHRAE 169-2013-5B",
    "set_year": 0,
    "use_upstream_args": true,
    "epw_gsub": "Do Nothing",
    "reported_climate_zone": "ASHRAE 169-2013-5B",
    "applicable": true
  },
  "SetRunPeriod": {
    "timesteps_per_hour": 1,
    "begin_date": "2012-06-01",
    "end_date": "2012-06-01",
    "applicable": true
  },
  "CreateBarFromBuildingTypeRatios": {
    "bldg_type_a": "SmallOffice",
    "bldg_type_a_num_units": 1,
    "bldg_type_b": "SmallOffice",
    "bldg_type_b_fract_bldg_area": 0.0,
    "bldg_type_b_num_units": 1,
    "bldg_type_c": "SmallOffice",
    "bldg_type_c_fract_bldg_area": 0.0,
    "bldg_type_c_num_units": 1,
    "bldg_type_d": "SmallOffice",
    "bldg_type_d_fract_bldg_area": 0.0,
    "bldg_type_d_num_units": 1,
    "total_bldg_floor_area": 3000.0,
    "single_floor_area": 0.0,
    "floor_height": 0.0,
    "custom_height_bar": true,
    "num_stories_above_grade": 1.0,
    "num_stories_below_grade": 0,
    "building_rotation": 0.0,
    "template": "90.1-2004",
    "ns_to_ew_ratio": 0.0,
    "perim_mult": 0.0,
    "bar_sep_dist_mult": 10.0,
    "wwr": 0.0,
    "party_wall_fraction": 0.0,
    "party_wall_stories_north": 0,
    "party_wall_stories_south": 0,
    "party_wall_stories_east": 0,
    "party_wall_stories_west": 0,
    "bottom_story_ground_exposed_floor": true,
    "top_story_exterior_exposed_roof": true,
    "story_multiplier": "Basements Ground Mid Top",
    "make_mid_story_surfaces_adiabatic": false,
    "bar_division_method": "Multiple Space Types - Individual Stories Sliced",
    "double_loaded_corridor": "Primary Space Type",
    "space_type_sort_logic": "Building Type > Size",
    "use_upstream_args": true,
    "climate_zone": "Lookup From Stat File",
    "wall_area_ip": 2236.067977499786,
    "ns_wall_area_ip": 1341.64078649987,
    "ew_wall_area_ip": 894.4271909999161,
    "floor_area_to_perim_ratio": 4.089321117251611,
    "bar_width": 44.72135954999579,
    "applicable": true
  },
  "CreateTypicalBuildingFromModel": {
    "template": "90.1-2004",
    "system_type": "Inferred",
    "hvac_delivery_type": "Forced Air",
    "htg_src": "NaturalGas",
    "clg_src": "Electricity",
    "swh_src": "Inferred",
    "kitchen_makeup": "Adjacent",
    "exterior_lighting_zone": "3 - All Other Areas",
    "add_constructions": true,
    "add_space_type_loads": true,
    "add_elevators": true,
    "add_internal_mass": true,
    "add_exterior_lights": true,
    "onsite_parking_fraction": 1.0,
    "add_exhaust": true,
    "add_swh": true,
    "add_thermostat": true,
    "add_hvac": true,
    "add_refrigeration": true,
    "modify_wkdy_op_hrs": false,
    "wkdy_op_hrs_start_time": 8.0,
    "wkdy_op_hrs_duration": 8.0,
    "modify_wknd_op_hrs": false,
    "wknd_op_hrs_start_time": 8.0,
    "wknd_op_hrs_duration": 8.0,
    "unmet_hours_tolerance": 1.0,
    "remove_objects": true,
    "use_upstream_args": true,
    "enable_dst": true,
    "climate_zone": "Lookup From Model",
    "applicable": true
  },
  "predicted_mean_vote": {
    "comfortWarnings": true,
    "meanRadiantCalcType": "ZoneAveraged",
    "workEfficiencySchedule": "{f0af8f23-5044-4c58-b141-81aff909bf5c}",
    "clothingSchedule": "{6a44fcc2-accb-4d9b-8536-3929aee84690}",
    "airVelocitySchedule": "{30c08409-2277-4402-9874-97cb6b80f76e}",
    "reporting_frequency": "Timestep",
    "applicable": true
  },
  "AddCostPerFloorAreaToBuilding": {
    "remove_costs": true,
    "lcc_name": "Building - Life Cycle Costs",
    "material_cost_ip": 100.0,
    "demolition_cost_ip": 0.0,
    "years_until_costs_start": 0,
    "demo_cost_initial_const": false,
    "expected_life": 20,
    "om_cost_ip": 0.0,
    "om_frequency": 1,
    "applicable": true
  },
  "TariffSelectionFlat": {
    "demand_window_length": "FullHour",
    "elec_rate": 0.12,
    "elec_demand_rate": 12.0,
    "elec_monthly_rate": 120.0,
    "gas_rate": 0.5,
    "gas_monthly_rate": 50.0,
    "water_rate": 0.005,
    "disthtg_rate": 0.2,
    "distclg_rate": 0.2,
    "applicable": true
  },
  "DefaultFeatureReports": {
    "feature_id": "3",
    "feature_name": "Building 3",
    "feature_type": "Building",
    "reporting_frequency": "Timestep",
    "applicable": true
  }
}