Time,ZONE OFFICE WHOLEBUILDING - SM OFFICE A  - STORY GROUND PSZ-AC:DesPer 1:Des Heat Mass Flow [kg/s],ZONE OFFICE WHOLEBUILDING - SM OFFICE A  - STORY GROUND PSZ-AC:DesPer 1:Des Heat Cap [W],ZONE OFFICE WHOLEBUILDING - SM OFFICE A  - STORY GROUND PSZ-AC:DesPer 1:Des Cool Mass Flow [kg/s],ZONE OFFICE WHOLEBUILDING - SM OFFICE A  - STORY GROUND PSZ-AC:DesPer 1:Des Sens Cool Cap [W],ZONE OFFICE WHOLEBUILDING - SM OFFICE A  - STORY GROUND PSZ-AC:DesPer 1:Des Tot Cool Cap [W],ZONE OFFICE WHOLEBUILDING - SM OFFICE A  - STORY GROUND PSZ-AC:DesPer 2:Des Heat Mass Flow [kg/s],ZONE OFFICE WHOLEBUILDING - SM OFFICE A  - STORY GROUND PSZ-AC:DesPer 2:Des Heat Cap [W],ZONE OFFICE WHOLEBUILDING - SM OFFICE A  - STORY GROUND PSZ-AC:DesPer 2:Des Cool Mass Flow [kg/s],ZONE OFFICE WHOLEBUILDING - SM OFFICE A  - STORY GROUND PSZ-AC:DesPer 2:Des Sens Cool Cap [W],ZONE OFFICE WHOLEBUILDING - SM OFFICE A  - STORY GROUND PSZ-AC:DesPer 2:Des Tot Cool Cap [W],ZONE OFFICE WHOLEBUILDING - SM OFFICE A  - STORY GROUND PSZ-AC:DesPer 3:Des Heat Mass Flow [kg/s],ZONE OFFICE WHOLEBUILDING - SM OFFICE A  - STORY GROUND PSZ-AC:DesPer 3:Des Heat Cap [W],ZONE OFFICE WHOLEBUILDING - SM OFFICE A  - STORY GROUND PSZ-AC:DesPer 3:Des Cool Mass Flow [kg/s],ZONE OFFICE WHOLEBUILDING - SM OFFICE A  - STORY GROUND PSZ-AC:DesPer 3:Des Sens Cool Cap [W],ZONE OFFICE WHOLEBUILDING - SM OFFICE A  - STORY GROUND PSZ-AC:DesPer 3:Des Tot Cool Cap [W],ZONE OFFICE WHOLEBUILDING - SM OFFICE A END_A - STORY GROUND PSZ-AC:DesPer 1:Des Heat Mass Flow [kg/s],ZONE OFFICE WHOLEBUILDING - SM OFFICE A END_A - STORY GROUND PSZ-AC:DesPer 1:Des Heat Cap [W],ZONE OFFICE WHOLEBUILDING - SM OFFICE A END_A - STORY GROUND PSZ-AC:DesPer 1:Des Cool Mass Flow [kg/s],ZONE OFFICE WHOLEBUILDING - SM OFFICE A END_A - STORY GROUND PSZ-AC:DesPer 1:Des Sens Cool Cap [W],ZONE OFFICE WHOLEBUILDING - SM OFFICE A END_A - STORY GROUND PSZ-AC:DesPer 1:Des Tot Cool Cap [W],ZONE OFFICE WHOLEBUILDING - SM OFFICE A END_A - STORY GROUND PSZ-AC:DesPer 2:Des Heat Mass Flow [kg/s],ZONE OFFICE WHOLEBUILDING - SM OFFICE A END_A - STORY GROUND PSZ-AC:DesPer 2:Des Heat Cap [W],ZONE OFFICE WHOLEBUILDING - SM OFFICE A END_A - STORY GROUND PSZ-AC:DesPer 2:Des Cool Mass Flow [kg/s],ZONE OFFICE WHOLEBUILDING - SM OFFICE A END_A - STORY GROUND PSZ-AC:DesPer 2:Des Sens Cool Cap [W],ZONE OFFICE WHOLEBUILDING - SM OFFICE A END_A - STORY GROUND PSZ-AC:DesPer 2:Des Tot Cool Cap [W],ZONE OFFICE WHOLEBUILDING - SM OFFICE A END_A - STORY GROUND PSZ-AC:DesPer 3:Des Heat Mass Flow [kg/s],ZONE OFFICE WHOLEBUILDING - SM OFFICE A END_A - STORY GROUND PSZ-AC:DesPer 3:Des Heat Cap [W],ZONE OFFICE WHOLEBUILDING - SM OFFICE A END_A - STORY GROUND PSZ-AC:DesPer 3:Des Cool Mass Flow [kg/s],ZONE OFFICE WHOLEBUILDING - SM OFFICE A END_A - STORY GROUND PSZ-AC:DesPer 3:Des Sens Cool Cap [W],ZONE OFFICE WHOLEBUILDING - SM OFFICE A END_A - STORY GROUND PSZ-AC:DesPer 3:Des Tot Cool Cap [W],ZONE OFFICE WHOLEBUILDING - SM OFFICE A END_B - STORY GROUND PSZ-AC:DesPer 1:Des Heat Mass Flow [kg/s],ZONE OFFICE WHOLEBUILDING - SM OFFICE A END_B - STORY GROUND PSZ-AC:DesPer 1:Des Heat Cap [W],ZONE OFFICE WHOLEBUILDING - SM OFFICE A END_B - STORY GROUND PSZ-AC:DesPer 1:Des Cool Mass Flow [kg/s],ZONE OFFICE WHOLEBUILDING - SM OFFICE A END_B - STORY GROUND PSZ-AC:DesPer 1:Des Sens Cool Cap [W],ZONE OFFICE WHOLEBUILDING - SM OFFICE A END_B - STORY GROUND PSZ-AC:DesPer 1:Des Tot Cool Cap [W],ZONE OFFICE WHOLEBUILDING - SM OFFICE A END_B - STORY GROUND PSZ-AC:DesPer 2:Des Heat Mass Flow [kg/s],ZONE OFFICE WHOLEBUILDING - SM OFFICE A END_B - STORY GROUND PSZ-AC:DesPer 2:Des Heat Cap [W],ZONE OFFICE WHOLEBUILDING - SM OFFICE A END_B - STORY GROUND PSZ-AC:DesPer 2:Des Cool Mass Flow [kg/s],ZONE OFFICE WHOLEBUILDING - SM OFFICE A END_B - STORY GROUND PSZ-AC:DesPer 2:Des Sens Cool Cap [W],ZONE OFFICE WHOLEBUILDING - SM OFFICE A END_B - STORY GROUND PSZ-AC:DesPer 2:Des Tot Cool Cap [W],ZONE OFFICE WHOLEBUILDING - SM OFFICE A END_B - STORY GROUND PSZ-AC:DesPer 3:Des Heat Mass Flow [kg/s],ZONE OFFICE WHOLEBUILDING - SM OFFICE A END_B - STORY GROUND PSZ-AC:DesPer 3:Des Heat Cap [W],ZONE OFFICE WHOLEBUILDING - SM OFFICE A END_B - STORY GROUND PSZ-AC:DesPer 3:Des Cool Mass Flow [kg/s],ZONE OFFICE WHOLEBUILDING - SM OFFICE A END_B - STORY GROUND PSZ-AC:DesPer 3:Des Sens Cool Cap [W],ZONE OFFICE WHOLEBUILDING - SM OFFICE A END_B - STORY GROUND PSZ-AC:DesPer 3:Des Tot Cool Cap [W],ZONE OFFICE WHOLEBUILDING - SM OFFICE B  - STORY GROUND PSZ-AC:DesPer 1:Des Heat Mass Flow [kg/s],ZONE OFFICE WHOLEBUILDING - SM OFFICE B  - STORY GROUND PSZ-AC:DesPer 1:Des Heat Cap [W],ZONE OFFICE WHOLEBUILDING - SM OFFICE B  - STORY GROUND PSZ-AC:DesPer 1:Des Cool Mass Flow [kg/s],ZONE OFFICE WHOLEBUILDING - SM OFFICE B  - STORY GROUND PSZ-AC:DesPer 1:Des Sens Cool Cap [W],ZONE OFFICE WHOLEBUILDING - SM OFFICE B  - STORY GROUND PSZ-AC:DesPer 1:Des Tot Cool Cap [W],ZONE OFFICE WHOLEBUILDING - SM OFFICE B  - STORY GROUND PSZ-AC:DesPer 2:Des Heat Mass Flow [kg/s],ZONE OFFICE WHOLEBUILDING - SM OFFICE B  - STORY GROUND PSZ-AC:DesPer 2:Des Heat Cap [W],ZONE OFFICE WHOLEBUILDING - SM OFFICE B  - STORY GROUND PSZ-AC:DesPer 2:Des Cool Mass Flow [kg/s],ZONE OFFICE WHOLEBUILDING - SM OFFICE B  - STORY GROUND PSZ-AC:DesPer 2:Des Sens Cool Cap [W],ZONE OFFICE WHOLEBUILDING - SM OFFICE B  - STORY GROUND PSZ-AC:DesPer 2:Des Tot Cool Cap [W],ZONE OFFICE WHOLEBUILDING - SM OFFICE B  - STORY GROUND PSZ-AC:DesPer 3:Des Heat Mass Flow [kg/s],ZONE OFFICE WHOLEBUILDING - SM OFFICE B  - STORY GROUND PSZ-AC:DesPer 3:Des Heat Cap [W],ZONE OFFICE WHOLEBUILDING - SM OFFICE B  - STORY GROUND PSZ-AC:DesPer 3:Des Cool Mass Flow [kg/s],ZONE OFFICE WHOLEBUILDING - SM OFFICE B  - STORY GROUND PSZ-AC:DesPer 3:Des Sens Cool Cap [W],ZONE OFFICE WHOLEBUILDING - SM OFFICE B  - STORY GROUND PSZ-AC:DesPer 3:Des Tot Cool Cap [W],ZONE OFFICE WHOLEBUILDING - SM OFFICE B END_A - STORY GROUND PSZ-AC:DesPer 1:Des Heat Mass Flow [kg/s],ZONE OFFICE WHOLEBUILDING - SM OFFICE B END_A - STORY GROUND PSZ-AC:DesPer 1:Des Heat Cap [W],ZONE OFFICE WHOLEBUILDING - SM OFFICE B END_A - STORY GROUND PSZ-AC:DesPer 1:Des Cool Mass Flow [kg/s],ZONE OFFICE WHOLEBUILDING - SM OFFICE B END_A - STORY GROUND PSZ-AC:DesPer 1:Des Sens Cool Cap [W],ZONE OFFICE WHOLEBUILDING - SM OFFICE B END_A - STORY GROUND PSZ-AC:DesPer 1:Des Tot Cool Cap [W],ZONE OFFICE WHOLEBUILDING - SM OFFICE B END_A - STORY GROUND PSZ-AC:DesPer 2:Des Heat Mass Flow [kg/s],ZONE OFFICE WHOLEBUILDING - SM OFFICE B END_A - STORY GROUND PSZ-AC:DesPer 2:Des Heat Cap [W],ZONE OFFICE WHOLEBUILDING - SM OFFICE B END_A - STORY GROUND PSZ-AC:DesPer 2:Des Cool Mass Flow [kg/s],ZONE OFFICE WHOLEBUILDING - SM OFFICE B END_A - STORY GROUND PSZ-AC:DesPer 2:Des Sens Cool Cap [W],ZONE OFFICE WHOLEBUILDING - SM OFFICE B END_A - STORY GROUND PSZ-AC:DesPer 2:Des Tot Cool Cap [W],ZONE OFFICE WHOLEBUILDING - SM OFFICE B END_A - STORY GROUND PSZ-AC:DesPer 3:Des Heat Mass Flow [kg/s],ZONE OFFICE WHOLEBUILDING - SM OFFICE B END_A - STORY GROUND PSZ-AC:DesPer 3:Des Heat Cap [W],ZONE OFFICE WHOLEBUILDING - SM OFFICE B END_A - STORY GROUND PSZ-AC:DesPer 3:Des Cool Mass Flow [kg/s],ZONE OFFICE WHOLEBUILDING - SM OFFICE B END_A - STORY GROUND PSZ-AC:DesPer 3:Des Sens Cool Cap [W],ZONE OFFICE WHOLEBUILDING - SM OFFICE B END_A - STORY GROUND PSZ-AC:DesPer 3:Des Tot Cool Cap [W],ZONE OFFICE WHOLEBUILDING - SM OFFICE B END_B - STORY GROUND PSZ-AC:DesPer 1:Des Heat Mass Flow [kg/s],ZONE OFFICE WHOLEBUILDING - SM OFFICE B END_B - STORY GROUND PSZ-AC:DesPer 1:Des Heat Cap [W],ZONE OFFICE WHOLEBUILDING - SM OFFICE B END_B - STORY GROUND PSZ-AC:DesPer 1:Des Cool Mass Flow [kg/s],ZONE OFFICE WHOLEBUILDING - SM OFFICE B END_B - STORY GROUND PSZ-AC:DesPer 1:Des Sens Cool Cap [W],ZONE OFFICE WHOLEBUILDING - SM OFFICE B END_B - STORY GROUND PSZ-AC:DesPer 1:Des Tot Cool Cap [W],ZONE OFFICE WHOLEBUILDING - SM OFFICE B END_B - STORY GROUND PSZ-AC:DesPer 2:Des Heat Mass Flow [kg/s],ZONE OFFICE WHOLEBUILDING - SM OFFICE B END_B - STORY GROUND PSZ-AC:DesPer 2:Des Heat Cap [W],ZONE OFFICE WHOLEBUILDING - SM OFFICE B END_B - STORY GROUND PSZ-AC:DesPer 2:Des Cool Mass Flow [kg/s],ZONE OFFICE WHOLEBUILDING - SM OFFICE B END_B - STORY GROUND PSZ-AC:DesPer 2:Des Sens Cool Cap [W],ZONE OFFICE WHOLEBUILDING - SM OFFICE B END_B - STORY GROUND PSZ-AC:DesPer 2:Des Tot Cool Cap [W],ZONE OFFICE WHOLEBUILDING - SM OFFICE B END_B - STORY GROUND PSZ-AC:DesPer 3:Des Heat Mass Flow [kg/s],ZONE OFFICE WHOLEBUILDING - SM OFFICE B END_B - STORY GROUND PSZ-AC:DesPer 3:Des Heat Cap [W],ZONE OFFICE WHOLEBUILDING - SM OFFICE B END_B - STORY GROUND PSZ-AC:DesPer 3:Des Cool Mass Flow [kg/s],ZONE OFFICE WHOLEBUILDING - SM OFFICE B END_B - STORY GROUND PSZ-AC:DesPer 3:Des Sens Cool Cap [W],ZONE OFFICE WHOLEBUILDING - SM OFFICE B END_B - STORY GROUND PSZ-AC:DesPer 3:Des Tot Cool Cap [W],ZONE OFFICE WHOLEBUILDING - SM OFFICE C  - STORY GROUND PSZ-AC:DesPer 1:Des Heat Mass Flow [kg/s],ZONE OFFICE WHOLEBUILDING - SM OFFICE C  - STORY GROUND PSZ-AC:DesPer 1:Des Heat Cap [W],ZONE OFFICE WHOLEBUILDING - SM OFFICE C  - STORY GROUND PSZ-AC:DesPer 1:Des Cool Mass Flow [kg/s],ZONE OFFICE WHOLEBUILDING - SM OFFICE C  - STORY GROUND PSZ-AC:DesPer 1:Des Sens Cool Cap [W],ZONE OFFICE WHOLEBUILDING - SM OFFICE C  - STORY GROUND PSZ-AC:DesPer 1:Des Tot Cool Cap [W],ZONE OFFICE WHOLEBUILDING - SM OFFICE C  - STORY GROUND PSZ-AC:DesPer 2:Des Heat Mass Flow [kg/s],ZONE OFFICE WHOLEBUILDING - SM OFFICE C  - STORY GROUND PSZ-AC:DesPer 2:Des Heat Cap [W],ZONE OFFICE WHOLEBUILDING - SM OFFICE C  - STORY GROUND PSZ-AC:DesPer 2:Des Cool Mass Flow [kg/s],ZONE OFFICE WHOLEBUILDING - SM OFFICE C  - STORY GROUND PSZ-AC:DesPer 2:Des Sens Cool Cap [W],ZONE OFFICE WHOLEBUILDING - SM OFFICE C  - STORY GROUND PSZ-AC:DesPer 2:Des Tot Cool Cap [W],ZONE OFFICE WHOLEBUILDING - SM OFFICE C  - STORY GROUND PSZ-AC:DesPer 3:Des Heat Mass Flow [kg/s],ZONE OFFICE WHOLEBUILDING - SM OFFICE C  - STORY GROUND PSZ-AC:DesPer 3:Des Heat Cap [W],ZONE OFFICE WHOLEBUILDING - SM OFFICE C  - STORY GROUND PSZ-AC:DesPer 3:Des Cool Mass Flow [kg/s],ZONE OFFICE WHOLEBUILDING - SM OFFICE C  - STORY GROUND PSZ-AC:DesPer 3:Des Sens Cool Cap [W],ZONE OFFICE WHOLEBUILDING - SM OFFICE C  - STORY GROUND PSZ-AC:DesPer 3:Des Tot Cool Cap [W],ZONE OFFICE WHOLEBUILDING - SM OFFICE C END_A - STORY GROUND PSZ-AC:DesPer 1:Des Heat Mass Flow [kg/s],ZONE OFFICE WHOLEBUILDING - SM OFFICE C END_A - STORY GROUND PSZ-AC:DesPer 1:Des Heat Cap [W],ZONE OFFICE WHOLEBUILDING - SM OFFICE C END_A - STORY GROUND PSZ-AC:DesPer 1:Des Cool Mass Flow [kg/s],ZONE OFFICE WHOLEBUILDING - SM OFFICE C END_A - STORY GROUND PSZ-AC:DesPer 1:Des Sens Cool Cap [W],ZONE OFFICE WHOLEBUILDING - SM OFFICE C END_A - STORY GROUND PSZ-AC:DesPer 1:Des Tot Cool Cap [W],ZONE OFFICE WHOLEBUILDING - SM OFFICE C END_A - STORY GROUND PSZ-AC:DesPer 2:Des Heat Mass Flow [kg/s],ZONE OFFICE WHOLEBUILDING - SM OFFICE C END_A - STORY GROUND PSZ-AC:DesPer 2:Des Heat Cap [W],ZONE OFFICE WHOLEBUILDING - SM OFFICE C END_A - STORY GROUND PSZ-AC:DesPer 2:Des Cool Mass Flow [kg/s],ZONE OFFICE WHOLEBUILDING - SM OFFICE C END_A - STORY GROUND PSZ-AC:DesPer 2:Des Sens Cool Cap [W],ZONE OFFICE WHOLEBUILDING - SM OFFICE C END_A - STORY GROUND PSZ-AC:DesPer 2:Des Tot Cool Cap [W],ZONE OFFICE WHOLEBUILDING - SM OFFICE C END_A - STORY GROUND PSZ-AC:DesPer 3:Des Heat Mass Flow [kg/s],ZONE OFFICE WHOLEBUILDING - SM OFFICE C END_A - STORY GROUND PSZ-AC:DesPer 3:Des Heat Cap [W],ZONE OFFICE WHOLEBUILDING - SM OFFICE C END_A - STORY GROUND PSZ-AC:DesPer 3:Des Cool Mass Flow [kg/s],ZONE OFFICE WHOLEBUILDING - SM OFFICE C END_A - STORY GROUND PSZ-AC:DesPer 3:Des Sens Cool Cap [W],ZONE OFFICE WHOLEBUILDING - SM OFFICE C END_A - STORY GROUND PSZ-AC:DesPer 3:Des Tot Cool Cap [W],ZONE OFFICE WHOLEBUILDING - SM OFFICE C END_B - STORY GROUND PSZ-AC:DesPer 1:Des Heat Mass Flow [kg/s],ZONE OFFICE WHOLEBUILDING - SM OFFICE C END_B - STORY GROUND PSZ-AC:DesPer 1:Des Heat Cap [W],ZONE OFFICE WHOLEBUILDING - SM OFFICE C END_B - STORY GROUND PSZ-AC:DesPer 1:Des Cool Mass Flow [kg/s],ZONE OFFICE WHOLEBUILDING - SM OFFICE C END_B - STORY GROUND PSZ-AC:DesPer 1:Des Sens Cool Cap [W],ZONE OFFICE WHOLEBUILDING - SM OFFICE C END_B - STORY GROUND PSZ-AC:DesPer 1:Des Tot Cool Cap [W],ZONE OFFICE WHOLEBUILDING - SM OFFICE C END_B - STORY GROUND PSZ-AC:DesPer 2:Des Heat Mass Flow [kg/s],ZONE OFFICE WHOLEBUILDING - SM OFFICE C END_B - STORY GROUND PSZ-AC:DesPer 2:Des Heat Cap [W],ZONE OFFICE WHOLEBUILDING - SM OFFICE C END_B - STORY GROUND PSZ-AC:DesPer 2:Des Cool Mass Flow [kg/s],ZONE OFFICE WHOLEBUILDING - SM OFFICE C END_B - STORY GROUND PSZ-AC:DesPer 2:Des Sens Cool Cap [W],ZONE OFFICE WHOLEBUILDING - SM OFFICE C END_B - STORY GROUND PSZ-AC:DesPer 2:Des Tot Cool Cap [W],ZONE OFFICE WHOLEBUILDING - SM OFFICE C END_B - STORY GROUND PSZ-AC:DesPer 3:Des Heat Mass Flow [kg/s],ZONE OFFICE WHOLEBUILDING - SM OFFICE C END_B - STORY GROUND PSZ-AC:DesPer 3:Des Heat Cap [W],ZONE OFFICE WHOLEBUILDING - SM OFFICE C END_B - STORY GROUND PSZ-AC:DesPer 3:Des Cool Mass Flow [kg/s],ZONE OFFICE WHOLEBUILDING - SM OFFICE C END_B - STORY GROUND PSZ-AC:DesPer 3:Des Sens Cool Cap [W],ZONE OFFICE WHOLEBUILDING - SM OFFICE C END_B - STORY GROUND PSZ-AC:DesPer 3:Des Tot Cool Cap [W]
01:00:00,2.533451E-02,7.733001E+02,7.656205E-02,7.462222E+02,7.263042E+02,2.533451E-02,9.184084E+02,5.226498E-02,3.297960E+02,6.992455E+02,9.143948E-02,3.670769E+03,2.533451E-02,0.000000E+00,0.000000E+00,1.024802E-02,3.128064E+02,3.809642E-02,3.814381E+02,3.653096E+02,1.024802E-02,3.715040E+02,2.109349E-02,1.328686E+02,2.888595E+02,5.947871E-02,2.137957E+03,1.024802E-02,0.000000E+00,0.000000E+00,1.024802E-02,3.128064E+02,3.488566E-02,3.455889E+02,3.278352E+02,1.024802E-02,3.715040E+02,1.807275E-02,9.914915E+01,2.438413E+02,5.957372E-02,2.140716E+03,1.024802E-02,0.000000E+00,0.000000E+00,2.486390E-02,7.589352E+02,7.223654E-02,6.998979E+02,7.163006E+02,2.486390E-02,9.013480E+02,6.372316E-02,4.624400E+02,8.177788E+02,4.079528E-02,2.181441E+03,2.486390E-02,0.000000E+00,0.000000E+00,1.005766E-02,3.069957E+02,3.633601E-02,3.625832E+02,3.587271E+02,1.005766E-02,3.646029E+02,2.595370E-02,1.890331E+02,3.472708E+02,3.810174E-02,1.509549E+03,1.005766E-02,0.000000E+00,0.000000E+00,1.005766E-02,3.069957E+02,3.311280E-02,3.265963E+02,3.206315E+02,1.005766E-02,3.646029E+02,2.286938E-02,1.546017E+02,3.063137E+02,3.819639E-02,1.512297E+03,1.005766E-02,0.000000E+00,0.000000E+00,2.533451E-02,7.733001E+02,7.013584E-02,6.744747E+02,6.493080E+02,2.533451E-02,9.184084E+02,4.647530E-02,2.651654E+02,6.180704E+02,9.093037E-02,3.655988E+03,2.533451E-02,0.000000E+00,0.000000E+00,1.024802E-02,3.128064E+02,3.552092E-02,3.526817E+02,3.352654E+02,1.024802E-02,3.715040E+02,1.869415E-02,1.060855E+02,2.533671E+02,5.944391E-02,2.136947E+03,1.024802E-02,0.000000E+00,0.000000E+00,1.024802E-02,3.128064E+02,3.232133E-02,3.169570E+02,2.977890E+02,1.024802E-02,3.715040E+02,1.574398E-02,7.315371E+01,2.076353E+02,5.953929E-02,2.139716E+03,1.024802E-02,0.000000E+00,0.000000E+00
02:00:00,2.533451E-02,7.887783E+02,7.235763E-02,6.838025E+02,6.605721E+02,2.533451E-02,9.338866E+02,4.817377E-02,2.686475E+02,5.934921E+02,9.143948E-02,3.670768E+03,2.533451E-02,0.000000E+00,0.000000E+00,1.024802E-02,3.190675E+02,3.512665E-02,3.420187E+02,3.243549E+02,1.024802E-02,3.777651E+02,1.820234E-02,9.433494E+01,2.257616E+02,5.947870E-02,2.137957E+03,1.024802E-02,0.000000E+00,0.000000E+00,1.024802E-02,3.190675E+02,3.212509E-02,3.085050E+02,2.892055E+02,1.024802E-02,3.777651E+02,1.542495E-02,6.333167E+01,1.828033E+02,5.957372E-02,2.140716E+03,1.024802E-02,0.000000E+00,0.000000E+00,2.486390E-02,7.741259E+02,7.017125E-02,6.616481E+02,6.762419E+02,2.486390E-02,9.165387E+02,6.164840E-02,4.240843E+02,7.460088E+02,4.079527E-02,2.181441E+03,2.486390E-02,0.000000E+00,0.000000E+00,1.005766E-02,3.131405E+02,3.425783E-02,3.332357E+02,3.280509E+02,1.005766E-02,3.707477E+02,2.389772E-02,1.599366E+02,3.004839E+02,3.810173E-02,1.509549E+03,1.005766E-02,0.000000E+00,0.000000E+00,1.005766E-02,3.131405E+02,3.124247E-02,2.995693E+02,2.922986E+02,1.005766E-02,3.707477E+02,2.103870E-02,1.280203E+02,2.620353E+02,3.819639E-02,1.512297E+03,1.005766E-02,0.000000E+00,0.000000E+00,2.533451E-02,7.887783E+02,6.635123E-02,6.167423E+02,5.881739E+02,2.533451E-02,9.338866E+02,4.293356E-02,2.101505E+02,5.185563E+02,9.093036E-02,3.655987E+03,2.533451E-02,0.000000E+00,0.000000E+00,1.024802E-02,3.190675E+02,3.271782E-02,3.151231E+02,2.961432E+02,1.024802E-02,3.777651E+02,1.600430E-02,6.979872E+01,1.919640E+02,5.944390E-02,2.136947E+03,1.024802E-02,0.000000E+00,0.000000E+00,1.024802E-02,3.190675E+02,2.972726E-02,2.817324E+02,2.609851E+02,1.024802E-02,3.777651E+02,1.334568E-02,4.012115E+01,1.489479E+02,5.953929E-02,2.139716E+03,1.024802E-02,0.000000E+00,0.000000E+00
03:00:00,2.533451E-02,8.003869E+02,6.869609E-02,6.313133E+02,6.051051E+02,2.533451E-02,9.454953E+02,4.467236E-02,2.179535E+02,5.063127E+02,9.143947E-02,3.670768E+03,2.533451E-02,0.000000E+00,0.000000E+00,1.024802E-02,3.237633E+02,3.249587E-02,3.079493E+02,2.888620E+02,1.024802E-02,3.824609E+02,1.568915E-02,6.158565E+01,1.715175E+02,5.947870E-02,2.137957E+03,1.024802E-02,0.000000E+00,0.000000E+00,1.024802E-02,3.237633E+02,2.970719E-02,2.768125E+02,2.560761E+02,1.024802E-02,3.824609E+02,1.320805E-02,3.388934E+01,1.318057E+02,5.957372E-02,2.140716E+03,1.024802E-02,0.000000E+00,0.000000E+00,2.486390E-02,7.855189E+02,6.838917E-02,6.303583E+02,6.434184E+02,2.486390E-02,9.279317E+02,5.985904E-02,3.927128E+02,6.900421E+02,4.079527E-02,2.181441E+03,2.486390E-02,0.000000E+00,0.000000E+00,1.005766E-02,3.177491E+02,3.241210E-02,3.080195E+02,3.016412E+02,1.005766E-02,3.753563E+02,2.208981E-02,1.351462E+02,2.609745E+02,3.810173E-02,1.509549E+03,1.005766E-02,0.000000E+00,0.000000E+00,1.005766E-02,3.177491E+02,2.960655E-02,2.766956E+02,2.682357E+02,1.005766E-02,3.753563E+02,1.947274E-02,1.059307E+02,2.253802E+02,3.819639E-02,1.512297E+03,1.005766E-02,0.000000E+00,0.000000E+00,2.533451E-02,8.003869E+02,6.307554E-02,5.685611E+02,5.370019E+02,2.533451E-02,9.454953E+02,3.997455E-02,1.655099E+02,4.381302E+02,9.093035E-02,3.655987E+03,2.533451E-02,0.000000E+00,0.000000E+00,1.024802E-02,3.237633E+02,3.024018E-02,2.827636E+02,2.623401E+02,1.024802E-02,3.824609E+02,1.373907E-02,3.981702E+01,1.405188E+02,5.944390E-02,2.136947E+03,1.024802E-02,0.000000E+00,0.000000E+00,1.024802E-02,3.237633E+02,2.746274E-02,2.517524E+02,2.295451E+02,1.024802E-02,3.824609E+02,1.114259E-02,1.083271E+01,9.653402E+01,5.953929E-02,2.139716E+03,1.024802E-02,0.000000E+00,0.000000E+00
04:00:00,2.533451E-02,8.119956E+02,6.527424E-02,5.815002E+02,5.520609E+02,2.533451E-02,9.571039E+02,4.151295E-02,1.710776E+02,4.237379E+02,9.143947E-02,3.670768E+03,2.533451E-02,0.000000E+00,0.000000E+00,1.024802E-02,3.284591E+02,2.999931E-02,2.753783E+02,2.547288E+02,1.024802E-02,3.871567E+02,1.338937E-02,3.121814E+01,1.199143E+02,5.947870E-02,2.137957E+03,1.024802E-02,0.000000E+00,0.000000E+00,1.024802E-02,3.284591E+02,2.741811E-02,2.465582E+02,2.242486E+02,1.024802E-02,3.871567E+02,1.097933E-02,4.314516E+00,7.960117E+01,5.957372E-02,2.140716E+03,1.024802E-02,0.000000E+00,0.000000E+00,2.486390E-02,7.969119E+02,6.680799E-02,6.013115E+02,6.129084E+02,2.486390E-02,9.393247E+02,5.830199E-02,3.639347E+02,6.374797E+02,4.079527E-02,2.181441E+03,2.486390E-02,0.000000E+00,0.000000E+00,1.005766E-02,3.223577E+02,3.068413E-02,2.841181E+02,2.764416E+02,1.005766E-02,3.799648E+02,2.042735E-02,1.119799E+02,2.233441E+02,3.810173E-02,1.509548E+03,1.005766E-02,0.000000E+00,0.000000E+00,1.005766E-02,3.223577E+02,2.808242E-02,2.550701E+02,2.453228E+02,1.005766E-02,3.799648E+02,1.808253E-02,8.580307E+01,1.910874E+02,3.819638E-02,1.512297E+03,1.005766E-02,0.000000E+00,0.000000E+00,2.533451E-02,8.119956E+02,6.001476E-02,5.227793E+02,4.879933E+02,2.533451E-02,9.571039E+02,3.684839E-02,1.190055E+02,3.542018E+02,9.093034E-02,3.655987E+03,2.533451E-02,0.000000E+00,0.000000E+00,1.024802E-02,3.284591E+02,2.788668E-02,2.517900E+02,2.297799E+02,1.024802E-02,3.871567E+02,1.145664E-02,9.642667E+00,8.779802E+01,5.944390E-02,2.136947E+03,1.024802E-02,0.000000E+00,0.000000E+00,1.024802E-02,3.284591E+02,2.531756E-02,2.231049E+02,1.992966E+02,1.024802E-02,3.871567E+02,1.024802E-02,0.000000E+00,6.677639E+01,5.953929E-02,2.139716E+03,1.024802E-02,0.000000E+00,0.000000E+00
05:00:00,2.533451E-02,8.197347E+02,6.230656E-02,5.406275E+02,5.083223E+02,2.533451E-02,9.648430E+02,3.873318E-02,1.323084E+02,3.582656E+02,9.143946E-02,3.670768E+03,2.533451E-02,0.000000E+00,0.000000E+00,1.024802E-02,3.315897E+02,2.782016E-02,2.479168E+02,2.258501E+02,1.024802E-02,3.902872E+02,1.129986E-02,4.762247E+00,7.574656E+01,5.947870E-02,2.137957E+03,1.024802E-02,0.000000E+00,0.000000E+00,1.024802E-02,3.315897E+02,2.543523E-02,2.212881E+02,1.975595E+02,1.024802E-02,3.902872E+02,1.024802E-02,0.000000E+00,5.772517E+01,5.957372E-02,2.140716E+03,1.024802E-02,0.000000E+00,0.000000E+00,2.486390E-02,8.045073E+02,6.540954E-02,5.781026E+02,5.883756E+02,2.486390E-02,9.469201E+02,5.694029E-02,3.411350E+02,5.987396E+02,4.079527E-02,2.181441E+03,2.486390E-02,0.000000E+00,0.000000E+00,1.005766E-02,3.254300E+02,2.916074E-02,2.640372E+02,2.551823E+02,1.005766E-02,3.830372E+02,1.901211E-02,9.310952E+01,1.938704E+02,3.810172E-02,1.509548E+03,1.005766E-02,0.000000E+00,0.000000E+00,1.005766E-02,3.254300E+02,2.675153E-02,2.371384E+02,2.262395E+02,1.005766E-02,3.830372E+02,1.670522E-02,6.735561E+01,1.613357E+02,3.819638E-02,1.512297E+03,1.005766E-02,0.000000E+00,0.000000E+00,2.533451E-02,8.197347E+02,5.738434E-02,4.856721E+02,4.480447E+02,2.533451E-02,9.648430E+02,3.418017E-02,8.148644E+01,2.889602E+02,9.093033E-02,3.655987E+03,2.533451E-02,0.000000E+00,0.000000E+00,1.024802E-02,3.315897E+02,2.584103E-02,2.258191E+02,2.023689E+02,1.024802E-02,3.902872E+02,1.024802E-02,0.000000E+00,5.772517E+01,5.944389E-02,2.136946E+03,1.024802E-02,0.000000E+00,0.000000E+00,1.024802E-02,3.315897E+02,2.346967E-02,1.993419E+02,1.740901E+02,1.024802E-02,3.902872E+02,1.024802E-02,0.000000E+00,5.772517E+01,5.953929E-02,2.139716E+03,1.024802E-02,0.000000E+00,0.000000E+00
06:00:00,2.533451E-02,8.119956E+02,6.472339E-02,5.753482E+02,5.506525E+02,2.533451E-02,9.571039E+02,4.102117E-02,1.655895E+02,4.193721E+02,9.143946E-02,3.670768E+03,2.533451E-02,0.000000E+00,0.000000E+00,1.024802E-02,3.284591E+02,2.917480E-02,2.661724E+02,2.467319E+02,1.024802E-02,3.871567E+02,1.265254E-02,2.299410E+01,1.086622E+02,5.947870E-02,2.137957E+03,1.024802E-02,0.000000E+00,0.000000E+00,1.024802E-02,3.284591E+02,3.653739E-02,3.483780E+02,3.394588E+02,1.024802E-02,3.871567E+02,1.924121E-02,9.655040E+01,2.298711E+02,5.957372E-02,2.140716E+03,1.024802E-02,0.000000E+00,0.000000E+00,2.486390E-02,7.969119E+02,6.640280E-02,5.967838E+02,6.123394E+02,2.486390E-02,9.393247E+02,5.752182E-02,3.552177E+02,6.315281E+02,4.079527E-02,2.181441E+03,2.486390E-02,0.000000E+00,0.000000E+00,1.005766E-02,3.223577E+02,2.990437E-02,2.754115E+02,2.692284E+02,1.005766E-02,3.799648E+02,1.968067E-02,1.036445E+02,2.142087E+02,3.810172E-02,1.509548E+03,1.005766E-02,0.000000E+00,0.000000E+00,1.005766E-02,3.223577E+02,3.711799E-02,3.559480E+02,3.657442E+02,1.005766E-02,3.799648E+02,2.614981E-02,1.758615E+02,3.210622E+02,3.819638E-02,1.512297E+03,1.005766E-02,0.000000E+00,0.000000E+00,2.533451E-02,8.119956E+02,6.753322E-02,6.067165E+02,5.931623E+02,2.533451E-02,9.571039E+02,4.468188E-02,2.064570E+02,4.877052E+02,9.093032E-02,3.655986E+03,2.533451E-02,0.000000E+00,0.000000E+00,1.024802E-02,3.284591E+02,3.045912E-02,2.805120E+02,2.637325E+02,1.024802E-02,3.871567E+02,1.415750E-02,3.979598E+01,1.370798E+02,5.944389E-02,2.136946E+03,1.024802E-02,0.000000E+00,0.000000E+00,1.024802E-02,3.284591E+02,3.753573E-02,3.595246E+02,3.536192E+02,1.024802E-02,3.871567E+02,2.073864E-02,1.132705E+02,2.646066E+02,5.953928E-02,2.139716E+03,1.024802E-02,0.000000E+00,0.000000E+00
07:00:00,2.533451E-02,7.849087E+02,7.404397E-02,7.064863E+02,7.013650E+02,2.533451E-02,9.300170E+02,4.878712E-02,2.793610E+02,6.269722E+02,9.143946E-02,3.670768E+03,2.533451E-02,0.000000E+00,0.000000E+00,1.024802E-02,3.175022E+02,3.440430E-02,3.355157E+02,3.226338E+02,1.024802E-02,3.761998E+02,1.714435E-02,8.409346E+01,2.204863E+02,5.947870E-02,2.137957E+03,1.024802E-02,0.000000E+00,0.000000E+00,1.024802E-02,3.175022E+02,5.927547E-02,6.131925E+02,6.268589E+02,1.024802E-02,3.761998E+02,3.990792E-02,3.381531E+02,6.131150E+02,5.957372E-02,2.140716E+03,1.024802E-02,0.000000E+00,0.000000E+00,2.486390E-02,7.703282E+02,7.180127E-02,6.836255E+02,7.154735E+02,2.486390E-02,9.127410E+02,6.227040E-02,4.347976E+02,7.801005E+02,4.079527E-02,2.181441E+03,2.486390E-02,0.000000E+00,0.000000E+00,1.005766E-02,3.116043E+02,3.347626E-02,3.260407E+02,3.267105E+02,1.005766E-02,3.692115E+02,2.270636E-02,1.481719E+02,2.938900E+02,3.810172E-02,1.509548E+03,1.005766E-02,0.000000E+00,0.000000E+00,1.005766E-02,3.116043E+02,5.809853E-02,6.009104E+02,6.406302E+02,1.005766E-02,3.692115E+02,4.568257E-02,4.046051E+02,6.437451E+02,3.819638E-02,1.512297E+03,1.005766E-02,0.000000E+00,0.000000E+00,2.533451E-02,7.849087E+02,7.981466E-02,7.708962E+02,7.794421E+02,2.533451E-02,9.300170E+02,5.394451E-02,3.369116E+02,7.154929E+02,9.093032E-02,3.655986E+03,2.533451E-02,0.000000E+00,0.000000E+00,1.024802E-02,3.175022E+02,3.696624E-02,3.641172E+02,3.545471E+02,1.024802E-02,3.761998E+02,1.937512E-02,1.089903E+02,2.614559E+02,5.944389E-02,2.136946E+03,1.024802E-02,0.000000E+00,0.000000E+00,1.024802E-02,3.175022E+02,6.241586E-02,6.482470E+02,6.663357E+02,1.024802E-02,3.761998E+02,4.258322E-02,3.679814E+02,6.682041E+02,5.953928E-02,2.139716E+03,1.024802E-02,0.000000E+00,0.000000E+00
08:00:00,2.533451E-02,7.191263E+02,9.116156E-02,9.633583E+02,9.862536E+02,2.533451E-02,8.642346E+02,6.569949E-02,5.338893E+02,1.021137E+03,9.143945E-02,3.670768E+03,2.533451E-02,0.000000E+00,0.000000E+00,1.024802E-02,2.908927E+02,4.405525E-02,4.698745E+02,4.663340E+02,1.024802E-02,3.495902E+02,2.668628E-02,2.171995E+02,4.357467E+02,5.947869E-02,2.137957E+03,1.024802E-02,0.000000E+00,0.000000E+00,1.024802E-02,2.908927E+02,8.248774E-02,8.989403E+02,9.181833E+02,1.024802E-02,3.495902E+02,6.309721E-02,6.234430E+02,9.628222E+02,5.957372E-02,2.140716E+03,1.024802E-02,0.000000E+00,0.000000E+00,2.486390E-02,7.057678E+02,8.199410E-02,8.619584E+02,9.180746E+02,2.486390E-02,8.481806E+02,7.223237E-02,6.105550E+02,1.040605E+03,4.079527E-02,2.181441E+03,2.486390E-02,0.000000E+00,0.000000E+00,1.005766E-02,2.854891E+02,4.021400E-02,4.273737E+02,4.378357E+02,1.005766E-02,3.430962E+02,2.941302E-02,2.491396E+02,4.462895E+02,3.810171E-02,1.509548E+03,1.005766E-02,0.000000E+00,0.000000E+00,1.005766E-02,2.854891E+02,7.834335E-02,8.530094E+02,8.957799E+02,1.005766E-02,3.430962E+02,6.598505E-02,6.572532E+02,9.356618E+02,3.819638E-02,1.512296E+03,1.005766E-02,0.000000E+00,0.000000E+00,2.533451E-02,7.191263E+02,9.194595E-02,9.721057E+02,9.920420E+02,2.533451E-02,8.642346E+02,6.627869E-02,5.403418E+02,1.023052E+03,9.093031E-02,3.655986E+03,2.533451E-02,0.000000E+00,0.000000E+00,1.024802E-02,2.908927E+02,4.459250E-02,4.758706E+02,4.715920E+02,1.024802E-02,3.495902E+02,2.707153E-02,2.214922E+02,4.383911E+02,5.944389E-02,2.136946E+03,1.024802E-02,0.000000E+00,0.000000E+00,1.024802E-02,2.908927E+02,8.330312E-02,9.080377E+02,9.261832E+02,1.024802E-02,3.495902E+02,6.373731E-02,6.305414E+02,9.652644E+02,5.953928E-02,2.139716E+03,1.024802E-02,0.000000E+00,0.000000E+00
09:00:00,2.533451E-02,6.456047E+02,1.149137E-01,1.302034E+03,1.349927E+03,2.533451E-02,7.907131E+02,8.825893E-02,8.591671E+02,1.430681E+03,9.143945E-02,3.670768E+03,2.533451E-02,0.000000E+00,0.000000E+00,1.024802E-02,2.611526E+02,5.681989E-02,6.421264E+02,6.463848E+02,1.024802E-02,3.198501E+02,3.861752E-02,3.800737E+02,6.534702E+02,5.947869E-02,2.137957E+03,1.024802E-02,0.000000E+00,0.000000E+00,1.024802E-02,2.611526E+02,9.966926E-02,1.120517E+03,1.134838E+03,1.024802E-02,3.198501E+02,8.005406E-02,8.424100E+02,1.148775E+03,5.957372E-02,2.140716E+03,1.024802E-02,0.000000E+00,0.000000E+00,2.486390E-02,6.336120E+02,9.539046E-02,1.083647E+03,1.160712E+03,2.486390E-02,7.760247E+02,8.558374E-02,8.317419E+02,1.288184E+03,4.079527E-02,2.181441E+03,2.486390E-02,0.000000E+00,0.000000E+00,1.005766E-02,2.563014E+02,4.865543E-02,5.507985E+02,5.686880E+02,1.005766E-02,3.139086E+02,3.751167E-02,3.687123E+02,5.922380E+02,3.810171E-02,1.509548E+03,1.005766E-02,0.000000E+00,0.000000E+00,1.005766E-02,2.563014E+02,9.123249E-02,1.026109E+03,1.056787E+03,1.005766E-02,3.139086E+02,7.897680E-02,8.314663E+02,1.082761E+03,3.819637E-02,1.512296E+03,1.005766E-02,0.000000E+00,0.000000E+00,2.533451E-02,6.456047E+02,1.102821E-01,1.250334E+03,1.285462E+03,2.533451E-02,7.907131E+02,8.403515E-02,8.120408E+02,1.352835E+03,9.093030E-02,3.655986E+03,2.533451E-02,0.000000E+00,0.000000E+00,1.024802E-02,2.611526E+02,5.506928E-02,6.225830E+02,6.238314E+02,1.024802E-02,3.198501E+02,3.698816E-02,3.618955E+02,6.194740E+02,5.944388E-02,2.136946E+03,1.024802E-02,0.000000E+00,0.000000E+00,1.024802E-02,2.611526E+02,9.803396E-02,1.102261E+03,1.114306E+03,1.024802E-02,3.198501E+02,7.845577E-02,8.245796E+02,1.118516E+03,5.953928E-02,2.139716E+03,1.024802E-02,0.000000E+00,0.000000E+00
10:00:00,2.533451E-02,5.798223E+02,1.457515E-01,1.712078E+03,1.777987E+03,2.533451E-02,7.249306E+02,1.183423E-01,1.260662E+03,1.890668E+03,9.143945E-02,3.670768E+03,2.533451E-02,0.000000E+00,0.000000E+00,1.024802E-02,2.345430E+02,7.245464E-02,8.432944E+02,8.531541E+02,1.024802E-02,2.932406E+02,5.378789E-02,5.759534E+02,8.804579E+02,5.947869E-02,2.137957E+03,1.024802E-02,0.000000E+00,0.000000E+00,1.024802E-02,2.345430E+02,1.114249E-01,1.278406E+03,1.291662E+03,1.024802E-02,2.932406E+02,9.179723E-02,1.000190E+03,1.285973E+03,5.957372E-02,2.140716E+03,1.024802E-02,0.000000E+00,0.000000E+00,2.486390E-02,5.690515E+02,1.094244E-01,1.304866E+03,1.391167E+03,2.486390E-02,7.114643E+02,9.967241E-02,1.053570E+03,1.521956E+03,4.079526E-02,2.181441E+03,2.486390E-02,0.000000E+00,0.000000E+00,1.005766E-02,2.301862E+02,5.730576E-02,6.734869E+02,6.944046E+02,1.005766E-02,2.877933E+02,4.605386E-02,4.901609E+02,7.253987E+02,3.810171E-02,1.509548E+03,1.005766E-02,0.000000E+00,0.000000E+00,1.005766E-02,2.301862E+02,9.589050E-02,1.104271E+03,1.128349E+03,1.005766E-02,2.877933E+02,8.383629E-02,9.119094E+02,1.144018E+03,3.819637E-02,1.512296E+03,1.005766E-02,0.000000E+00,0.000000E+00,2.533451E-02,5.798223E+02,1.308313E-01,1.545529E+03,1.592141E+03,2.533451E-02,7.249306E+02,1.042209E-01,1.103098E+03,1.682274E+03,9.093030E-02,3.655985E+03,2.533451E-02,0.000000E+00,0.000000E+00,1.024802E-02,2.345430E+02,6.642939E-02,7.760277E+02,7.813643E+02,1.024802E-02,2.932406E+02,4.806349E-02,5.120908E+02,7.921143E+02,5.944388E-02,2.136946E+03,1.024802E-02,0.000000E+00,0.000000E+00,1.024802E-02,2.345430E+02,1.052691E-01,1.209680E+03,1.220048E+03,1.024802E-02,2.932406E+02,8.583222E-02,9.336399E+02,1.208278E+03,5.953928E-02,2.139716E+03,1.024802E-02,0.000000E+00,0.000000E+00
11:00:00,2.533451E-02,5.217790E+02,1.757879E-01,2.105451E+03,2.175231E+03,2.533451E-02,6.668873E+02,1.480249E-01,1.649972E+03,2.279380E+03,9.143944E-02,3.670767E+03,2.533451E-02,0.000000E+00,0.000000E+00,1.024802E-02,2.110640E+02,8.730386E-02,1.032566E+03,1.044825E+03,1.024802E-02,2.697616E+02,6.841374E-02,7.626478E+02,1.062359E+03,5.947869E-02,2.137956E+03,1.024802E-02,0.000000E+00,0.000000E+00,1.024802E-02,2.110640E+02,1.160718E-01,1.353787E+03,1.366923E+03,1.024802E-02,2.697616E+02,9.661026E-02,1.077478E+03,1.354958E+03,5.957372E-02,2.140716E+03,1.024802E-02,0.000000E+00,0.000000E+00,2.486390E-02,5.120864E+02,1.219038E-01,1.501153E+03,1.587026E+03,2.486390E-02,6.544992E+02,1.122745E-01,1.251226E+03,1.718929E+03,4.079526E-02,2.181441E+03,2.486390E-02,0.000000E+00,0.000000E+00,1.005766E-02,2.071433E+02,6.482096E-02,7.804366E+02,8.016468E+02,1.005766E-02,2.647505E+02,5.355987E-02,5.969872E+02,8.300117E+02,3.810170E-02,1.509548E+03,1.005766E-02,0.000000E+00,0.000000E+00,1.005766E-02,2.071433E+02,9.324104E-02,1.097763E+03,1.118501E+03,1.005766E-02,2.647505E+02,8.146690E-02,9.085677E+02,1.131305E+03,3.819637E-02,1.512296E+03,1.005766E-02,0.000000E+00,0.000000E+00,2.533451E-02,5.217790E+02,1.484242E-01,1.799989E+03,1.849346E+03,2.533451E-02,6.668873E+02,1.217318E-01,1.356585E+03,1.937096E+03,9.093029E-02,3.655985E+03,2.533451E-02,0.000000E+00,0.000000E+00,1.024802E-02,2.110640E+02,7.610193E-02,9.075027E+02,9.145502E+02,1.024802E-02,2.697616E+02,5.764574E-02,6.425099E+02,9.204184E+02,5.944388E-02,2.136946E+03,1.024802E-02,0.000000E+00,0.000000E+00,1.024802E-02,2.110640E+02,1.045937E-01,1.225635E+03,1.234593E+03,1.024802E-02,2.697616E+02,8.545676E-02,9.530071E+02,1.217666E+03,5.953928E-02,2.139716E+03,1.024802E-02,0.000000E+00,0.000000E+00
12:00:00,2.533451E-02,4.830834E+02,1.984070E-01,2.396699E+03,2.462090E+03,2.533451E-02,6.281917E+02,1.705341E-01,1.939974E+03,2.541686E+03,9.143944E-02,3.670767E+03,2.533451E-02,0.000000E+00,0.000000E+00,1.024802E-02,1.954113E+02,9.836869E-02,1.171765E+03,1.184367E+03,1.024802E-02,2.541089E+02,7.939701E-02,9.009244E+02,1.185477E+03,5.947869E-02,2.137956E+03,1.024802E-02,0.000000E+00,0.000000E+00,1.024802E-02,1.954113E+02,1.137813E-01,1.343874E+03,1.354946E+03,1.024802E-02,2.541089E+02,9.461958E-02,1.070958E+03,1.337763E+03,5.957372E-02,2.140716E+03,1.024802E-02,0.000000E+00,0.000000E+00,2.486390E-02,4.741096E+02,1.313284E-01,1.644365E+03,1.726043E+03,2.486390E-02,6.165224E+02,1.218482E-01,1.396104E+03,1.858399E+03,4.079526E-02,2.181441E+03,2.486390E-02,0.000000E+00,0.000000E+00,1.005766E-02,1.917814E+02,7.034651E-02,8.574965E+02,8.781506E+02,1.005766E-02,2.493886E+02,5.911949E-02,6.744263E+02,9.017393E+02,3.810170E-02,1.509548E+03,1.005766E-02,0.000000E+00,0.000000E+00,1.005766E-02,1.917814E+02,8.570963E-02,1.029051E+03,1.045669E+03,1.005766E-02,2.493886E+02,7.428862E-02,8.438265E+02,1.057820E+03,3.819637E-02,1.512296E+03,1.005766E-02,0.000000E+00,0.000000E+00,2.533451E-02,4.830834E+02,1.609889E-01,1.978977E+03,2.026210E+03,2.533451E-02,6.281917E+02,1.343397E-01,1.536048E+03,2.101619E+03,9.093028E-02,3.655985E+03,2.533451E-02,0.000000E+00,0.000000E+00,1.024802E-02,1.954113E+02,8.296305E-02,9.997651E+02,1.007121E+03,1.024802E-02,2.541089E+02,6.450002E-02,7.346898E+02,1.003119E+03,5.944388E-02,2.136946E+03,1.024802E-02,0.000000E+00,0.000000E+00,1.024802E-02,1.954113E+02,9.820756E-02,1.169992E+03,1.176026E+03,1.024802E-02,2.541089E+02,7.947945E-02,9.019766E+02,1.154174E+03,5.953928E-02,2.139716E+03,1.024802E-02,0.000000E+00,0.000000E+00
13:00:00,2.533451E-02,4.521270E+02,2.113191E-01,2.571850E+03,2.632004E+03,2.533451E-02,5.972353E+02,1.835527E-01,2.116357E+03,2.697578E+03,9.143944E-02,3.670767E+03,2.533451E-02,0.000000E+00,0.000000E+00,1.024802E-02,1.828892E+02,1.069445E-01,1.280047E+03,1.293441E+03,1.024802E-02,2.415868E+02,8.792426E-02,1.008683E+03,1.288382E+03,5.947869E-02,2.137956E+03,1.024802E-02,0.000000E+00,0.000000E+00,1.024802E-02,1.828892E+02,1.136130E-01,1.354523E+03,1.366047E+03,1.024802E-02,2.415868E+02,9.466995E-02,1.084072E+03,1.351117E+03,5.957372E-02,2.140716E+03,1.024802E-02,0.000000E+00,0.000000E+00,2.486390E-02,4.437282E+02,1.373790E-01,1.742319E+03,1.820014E+03,2.486390E-02,5.861410E+02,1.280690E-01,1.495961E+03,1.953574E+03,4.079526E-02,2.181441E+03,2.486390E-02,0.000000E+00,0.000000E+00,1.005766E-02,1.794918E+02,7.595017E-02,9.323565E+02,9.543677E+02,1.005766E-02,2.370990E+02,6.470479E-02,7.490845E+02,9.769978E+02,3.810170E-02,1.509548E+03,1.005766E-02,0.000000E+00,0.000000E+00,1.005766E-02,1.794918E+02,8.278488E-02,1.008691E+03,1.026221E+03,1.005766E-02,2.370990E+02,7.159661E-02,8.260777E+02,1.042161E+03,3.819637E-02,1.512296E+03,1.005766E-02,0.000000E+00,0.000000E+00,2.533451E-02,4.521270E+02,1.695717E-01,2.105777E+03,2.151480E+03,2.533451E-02,5.972353E+02,1.430303E-01,1.664068E+03,2.220247E+03,9.093028E-02,3.655985E+03,2.533451E-02,0.000000E+00,0.000000E+00,1.024802E-02,1.828892E+02,8.967485E-02,1.087231E+03,1.096093E+03,1.024802E-02,2.415868E+02,7.115457E-02,8.215210E+02,1.090176E+03,5.944388E-02,2.136946E+03,1.024802E-02,0.000000E+00,0.000000E+00,1.024802E-02,1.828892E+02,9.631555E-02,1.161394E+03,1.168150E+03,1.024802E-02,2.415868E+02,7.784419E-02,8.962667E+02,1.150846E+03,5.953928E-02,2.139716E+03,1.024802E-02,0.000000E+00,0.000000E+00
14:00:00,2.533451E-02,4.327792E+02,2.133754E-01,2.614190E+03,2.667982E+03,2.533451E-02,5.778875E+02,1.858230E-01,2.161137E+03,2.726435E+03,9.143943E-02,3.670767E+03,2.533451E-02,0.000000E+00,0.000000E+00,1.024802E-02,1.750629E+02,1.199621E-01,1.433224E+03,1.450850E+03,1.024802E-02,2.337604E+02,1.006932E-01,1.159071E+03,1.450087E+03,5.947869E-02,2.137956E+03,1.024802E-02,0.000000E+00,0.000000E+00,1.024802E-02,1.750629E+02,1.138697E-01,1.365216E+03,1.377339E+03,1.024802E-02,2.337604E+02,9.504087E-02,1.096043E+03,1.364280E+03,5.957372E-02,2.140716E+03,1.024802E-02,0.000000E+00,0.000000E+00,2.486390E-02,4.247399E+02,1.402372E-01,1.793235E+03,1.867281E+03,2.486390E-02,5.671527E+02,1.310439E-01,1.548183E+03,2.001802E+03,4.079526E-02,2.181441E+03,2.486390E-02,0.000000E+00,0.000000E+00,1.005766E-02,1.718109E+02,8.879783E-02,1.083481E+03,1.113520E+03,1.005766E-02,2.294181E+02,7.727258E-02,8.970677E+02,1.140922E+03,3.810170E-02,1.509548E+03,1.005766E-02,0.000000E+00,0.000000E+00,1.005766E-02,1.718109E+02,8.324425E-02,1.021498E+03,1.041634E+03,1.005766E-02,2.294181E+02,7.212726E-02,8.396771E+02,1.061236E+03,3.819637E-02,1.512296E+03,1.005766E-02,0.000000E+00,0.000000E+00,2.533451E-02,4.327792E+02,1.744159E-01,2.179223E+03,2.223649E+03,2.533451E-02,5.778875E+02,1.479609E-01,1.738495E+03,2.289559E+03,9.093027E-02,3.655985E+03,2.533451E-02,0.000000E+00,0.000000E+00,1.024802E-02,1.750629E+02,1.035969E-01,1.250502E+03,1.265386E+03,1.024802E-02,2.337604E+02,8.471110E-02,9.806791E+02,1.268997E+03,5.944387E-02,2.136946E+03,1.024802E-02,0.000000E+00,0.000000E+00,1.024802E-02,1.750629E+02,9.770245E-02,1.184704E+03,1.193394E+03,1.024802E-02,2.337604E+02,7.929145E-02,9.202434E+02,1.181794E+03,5.953928E-02,2.139716E+03,1.024802E-02,0.000000E+00,0.000000E+00
15:00:00,2.533451E-02,4.327792E+02,2.042527E-01,2.512363E+03,2.556822E+03,2.533451E-02,5.778875E+02,1.770556E-01,2.063325E+03,2.608529E+03,9.143943E-02,3.670767E+03,2.533451E-02,0.000000E+00,0.000000E+00,1.024802E-02,1.750629E+02,1.302746E-01,1.548366E+03,1.567541E+03,1.024802E-02,2.337604E+02,1.108786E-01,1.272763E+03,1.564170E+03,5.947868E-02,2.137956E+03,1.024802E-02,0.000000E+00,0.000000E+00,1.024802E-02,1.750629E+02,1.095192E-01,1.316640E+03,1.326618E+03,1.024802E-02,2.337604E+02,9.085710E-02,1.049341E+03,1.309572E+03,5.957372E-02,2.140716E+03,1.024802E-02,0.000000E+00,0.000000E+00,2.486390E-02,4.247399E+02,1.395749E-01,1.785856E+03,1.854830E+03,2.486390E-02,5.671527E+02,1.304818E-01,1.541923E+03,1.990119E+03,4.079526E-02,2.181441E+03,2.486390E-02,0.000000E+00,0.000000E+00,1.005766E-02,1.718109E+02,1.022766E-01,1.233960E+03,1.268082E+03,1.005766E-02,2.294181E+02,9.055187E-02,1.045287E+03,1.295965E+03,3.810169E-02,1.509548E+03,1.005766E-02,0.000000E+00,0.000000E+00,1.005766E-02,1.718109E+02,8.235547E-02,1.011570E+03,1.031212E+03,1.005766E-02,2.294181E+02,7.129271E-02,8.303511E+02,1.050816E+03,3.819637E-02,1.512296E+03,1.005766E-02,0.000000E+00,0.000000E+00,2.533451E-02,4.327792E+02,1.742700E-01,2.177606E+03,2.218433E+03,2.533451E-02,5.778875E+02,1.479505E-01,1.738405E+03,2.280693E+03,9.093027E-02,3.655985E+03,2.533451E-02,0.000000E+00,0.000000E+00,1.024802E-02,1.750629E+02,1.175550E-01,1.406343E+03,1.424600E+03,1.024802E-02,2.337604E+02,9.840477E-02,1.133507E+03,1.429140E+03,5.944387E-02,2.136946E+03,1.024802E-02,0.000000E+00,0.000000E+00,1.024802E-02,1.750629E+02,9.709105E-02,1.177874E+03,1.186088E+03,1.024802E-02,2.337604E+02,7.874550E-02,9.141375E+02,1.173406E+03,5.953927E-02,2.139716E+03,1.024802E-02,0.000000E+00,0.000000E+00
16:00:00,2.533451E-02,4.559965E+02,1.861137E-01,2.286647E+03,2.319398E+03,2.533451E-02,6.011048E+02,1.594366E-01,1.843466E+03,2.364980E+03,9.143943E-02,3.670767E+03,2.533451E-02,0.000000E+00,0.000000E+00,1.024802E-02,1.844545E+02,1.335611E-01,1.575672E+03,1.593060E+03,1.024802E-02,2.431520E+02,1.141987E-01,1.300448E+03,1.581315E+03,5.947868E-02,2.137956E+03,1.024802E-02,0.000000E+00,0.000000E+00,1.024802E-02,1.844545E+02,1.001610E-01,1.202763E+03,1.208722E+03,1.024802E-02,2.431520E+02,8.176459E-02,9.384651E+02,1.185760E+03,5.957372E-02,2.140716E+03,1.024802E-02,0.000000E+00,0.000000E+00,2.486390E-02,4.475259E+02,1.350765E-01,1.712862E+03,1.774476E+03,2.486390E-02,5.899387E+02,1.260799E-01,1.470006E+03,1.910311E+03,4.079526E-02,2.181441E+03,2.486390E-02,0.000000E+00,0.000000E+00,1.005766E-02,1.810280E+02,1.113529E-01,1.326077E+03,1.358592E+03,1.005766E-02,2.386352E+02,9.953531E-02,1.136353E+03,1.381060E+03,3.810169E-02,1.509547E+03,1.005766E-02,0.000000E+00,0.000000E+00,1.005766E-02,1.810280E+02,7.871305E-02,9.616855E+02,9.783331E+02,1.005766E-02,2.386352E+02,6.773105E-02,7.813737E+02,9.956856E+02,3.819637E-02,1.512296E+03,1.005766E-02,0.000000E+00,0.000000E+00,2.533451E-02,4.559965E+02,1.675166E-01,2.078998E+03,2.112467E+03,2.533451E-02,6.011048E+02,1.414144E-01,1.642248E+03,2.168523E+03,9.093026E-02,3.655984E+03,2.533451E-02,0.000000E+00,0.000000E+00,1.024802E-02,1.844545E+02,1.257839E-01,1.488830E+03,1.506294E+03,1.024802E-02,2.431520E+02,1.065313E-01,1.214828E+03,1.501270E+03,5.944387E-02,2.136946E+03,1.024802E-02,0.000000E+00,0.000000E+00,1.024802E-02,1.844545E+02,9.251321E-02,1.117369E+03,1.122863E+03,1.024802E-02,2.431520E+02,7.429915E-02,8.551160E+02,1.104512E+03,5.953927E-02,2.139716E+03,1.024802E-02,0.000000E+00,0.000000E+00
17:00:00,2.533451E-02,4.869530E+02,1.679281E-01,2.052665E+03,2.077313E+03,2.533451E-02,6.320613E+02,1.417759E-01,1.615386E+03,2.121687E+03,9.143943E-02,3.670767E+03,2.533451E-02,0.000000E+00,0.000000E+00,1.024802E-02,1.969766E+02,1.303675E-01,1.527501E+03,1.541977E+03,1.024802E-02,2.556742E+02,1.111444E-01,1.253868E+03,1.524027E+03,5.947868E-02,2.137956E+03,1.024802E-02,0.000000E+00,0.000000E+00,1.024802E-02,1.969766E+02,9.019173E-02,1.078934E+03,1.081606E+03,1.024802E-02,2.556742E+02,7.208384E-02,8.178935E+02,1.056354E+03,5.957372E-02,2.140716E+03,1.024802E-02,0.000000E+00,0.000000E+00,2.486390E-02,4.779073E+02,1.272862E-01,1.595518E+03,1.648449E+03,2.486390E-02,6.203201E+02,1.183774E-01,1.353644E+03,1.784590E+03,4.079526E-02,2.181441E+03,2.486390E-02,0.000000E+00,0.000000E+00,1.005766E-02,1.933176E+02,1.128243E-01,1.330228E+03,1.358350E+03,1.005766E-02,2.509248E+02,1.010118E-01,1.140573E+03,1.374776E+03,3.810169E-02,1.509547E+03,1.005766E-02,0.000000E+00,0.000000E+00,1.005766E-02,1.933176E+02,7.316221E-02,8.874242E+02,9.006953E+02,1.005766E-02,2.509248E+02,6.228262E-02,7.082676E+02,9.159974E+02,3.819636E-02,1.512296E+03,1.005766E-02,0.000000E+00,0.000000E+00,2.533451E-02,4.869530E+02,1.566987E-01,1.927273E+03,1.952829E+03,2.533451E-02,6.320613E+02,1.308572E-01,1.493464E+03,2.003414E+03,9.093026E-02,3.655984E+03,2.533451E-02,0.000000E+00,0.000000E+00,1.024802E-02,1.969766E+02,1.259082E-01,1.477704E+03,1.492187E+03,1.024802E-02,2.556742E+02,1.066919E-01,1.204136E+03,1.477065E+03,5.944387E-02,2.136946E+03,1.024802E-02,0.000000E+00,0.000000E+00,1.024802E-02,1.969766E+02,8.567778E-02,1.028530E+03,1.031015E+03,1.024802E-02,2.556742E+02,6.763820E-02,7.682525E+02,1.008131E+03,5.953927E-02,2.139716E+03,1.024802E-02,0.000000E+00,0.000000E+00
18:00:00,2.533451E-02,5.256485E+02,1.512314E-01,1.827557E+03,1.845718E+03,2.533451E-02,6.707568E+02,1.254948E-01,1.394947E+03,1.889444E+03,9.143942E-02,3.670767E+03,2.533451E-02,0.000000E+00,0.000000E+00,1.024802E-02,2.126293E+02,1.192714E-01,1.387963E+03,1.397621E+03,1.024802E-02,2.713268E+02,1.002756E-01,1.116922E+03,1.372970E+03,5.947868E-02,2.137956E+03,1.024802E-02,0.000000E+00,0.000000E+00,1.024802E-02,2.126293E+02,8.028865E-02,9.527105E+02,9.522731E+02,1.024802E-02,2.713268E+02,6.245732E-02,6.947864E+02,9.252418E+02,5.957372E-02,2.140716E+03,1.024802E-02,0.000000E+00,0.000000E+00,2.486390E-02,5.158841E+02,1.171764E-01,1.444682E+03,1.488252E+03,2.486390E-02,6.582968E+02,1.083538E-01,1.203770E+03,1.624543E+03,4.079526E-02,2.181441E+03,2.486390E-02,0.000000E+00,0.000000E+00,1.005766E-02,2.086795E+02,1.047791E-01,1.225058E+03,1.246571E+03,1.005766E-02,2.662867E+02,9.307879E-02,1.036686E+03,1.257870E+03,3.810169E-02,1.509547E+03,1.005766E-02,0.000000E+00,0.000000E+00,1.005766E-02,2.086795E+02,6.606926E-02,7.928724E+02,8.023810E+02,1.005766E-02,2.662867E+02,5.532881E-02,6.152824E+02,8.158603E+02,3.819636E-02,1.512296E+03,1.005766E-02,0.000000E+00,0.000000E+00,2.533451E-02,5.256485E+02,1.485732E-01,1.797866E+03,1.820444E+03,2.533451E-02,6.707568E+02,1.227152E-01,1.363894E+03,1.868303E+03,9.093025E-02,3.655984E+03,2.533451E-02,0.000000E+00,0.000000E+00,1.024802E-02,2.126293E+02,1.186148E-01,1.380627E+03,1.391049E+03,1.024802E-02,2.713268E+02,9.947750E-02,1.107995E+03,1.367775E+03,5.944387E-02,2.136946E+03,1.024802E-02,0.000000E+00,0.000000E+00,1.024802E-02,2.126293E+02,7.937465E-02,9.425024E+02,9.429332E+02,1.024802E-02,2.713268E+02,6.143049E-02,6.833139E+02,9.179362E+02,5.953927E-02,2.139716E+03,1.024802E-02,0.000000E+00,0.000000E+00
19:00:00,2.533451E-02,5.836918E+02,1.307780E-01,1.541154E+03,1.547328E+03,2.533451E-02,7.288002E+02,1.057120E-01,1.116061E+03,1.586881E+03,9.143942E-02,3.670767E+03,2.533451E-02,0.000000E+00,0.000000E+00,1.024802E-02,2.361083E+02,9.467391E-02,1.089850E+03,1.089638E+03,1.024802E-02,2.948059E+02,7.621002E-02,8.248271E+02,1.051499E+03,5.947868E-02,2.137956E+03,1.024802E-02,0.000000E+00,0.000000E+00,1.024802E-02,2.361083E+02,6.792628E-02,7.912008E+02,7.857407E+02,1.024802E-02,2.948059E+02,5.058551E-02,5.387847E+02,7.537657E+02,5.957372E-02,2.140716E+03,1.024802E-02,0.000000E+00,0.000000E+00,2.486390E-02,5.728492E+02,1.052205E-01,1.254243E+03,1.286872E+03,2.486390E-02,7.152620E+02,9.646976E-02,1.014135E+03,1.422835E+03,4.079526E-02,2.181441E+03,2.486390E-02,0.000000E+00,0.000000E+00,1.005766E-02,2.317224E+02,8.407922E-02,9.709137E+02,9.807950E+02,1.005766E-02,2.893295E+02,7.267186E-02,7.858553E+02,9.852485E+02,3.810168E-02,1.509547E+03,1.005766E-02,0.000000E+00,0.000000E+00,1.005766E-02,2.317224E+02,5.727330E-02,6.716248E+02,6.761091E+02,1.005766E-02,2.893295E+02,4.678315E-02,4.968430E+02,6.876509E+02,3.819636E-02,1.512296E+03,1.005766E-02,0.000000E+00,0.000000E+00,2.533451E-02,5.836918E+02,1.333594E-01,1.569963E+03,1.581454E+03,2.533451E-02,7.288002E+02,1.077246E-01,1.138508E+03,1.620352E+03,9.093025E-02,3.655984E+03,2.533451E-02,0.000000E+00,0.000000E+00,1.024802E-02,2.361083E+02,9.638641E-02,1.108968E+03,1.109818E+03,1.024802E-02,2.948059E+02,7.766255E-02,8.410312E+02,1.071395E+03,5.944386E-02,2.136946E+03,1.024802E-02,0.000000E+00,0.000000E+00,1.024802E-02,2.361083E+02,6.925366E-02,8.060190E+02,8.018289E+02,1.024802E-02,2.948059E+02,5.161335E-02,5.502500E+02,7.700856E+02,5.953927E-02,2.139716E+03,1.024802E-02,0.000000E+00,0.000000E+00
20:00:00,2.533451E-02,6.262570E+02,1.119072E-01,1.287902E+03,1.283297E+03,2.533451E-02,7.713653E+02,8.750049E-02,8.702001E+02,1.318065E+03,9.143942E-02,3.670767E+03,2.533451E-02,0.000000E+00,0.000000E+00,1.024802E-02,2.533263E+02,6.510592E-02,7.424978E+02,7.311647E+02,1.024802E-02,3.120238E+02,4.795923E-02,4.922665E+02,6.850298E+02,5.947868E-02,2.137956E+03,1.024802E-02,0.000000E+00,0.000000E+00,1.024802E-02,2.533263E+02,5.669029E-02,6.485295E+02,6.387266E+02,1.024802E-02,3.120238E+02,3.986702E-02,4.019210E+02,6.023225E+02,5.957372E-02,2.140716E+03,1.024802E-02,0.000000E+00,0.000000E+00,2.486390E-02,6.146236E+02,9.348279E-02,1.081430E+03,1.104212E+03,2.486390E-02,7.570364E+02,8.484522E-02,8.425849E+02,1.240212E+03,4.079526E-02,2.181441E+03,2.486390E-02,0.000000E+00,0.000000E+00,1.005766E-02,2.486205E+02,5.783214E-02,6.609752E+02,6.575620E+02,1.005766E-02,3.062276E+02,4.731998E-02,4.859542E+02,6.603729E+02,3.810168E-02,1.509547E+03,1.005766E-02,0.000000E+00,0.000000E+00,1.005766E-02,2.486205E+02,4.906685E-02,5.631034E+02,5.633439E+02,1.005766E-02,3.062276E+02,3.881429E-02,3.909866E+02,5.730335E+02,3.819636E-02,1.512296E+03,1.005766E-02,0.000000E+00,0.000000E+00,2.533451E-02,6.262570E+02,1.055640E-01,1.217074E+03,1.204900E+03,2.533451E-02,7.713653E+02,8.138222E-02,8.018898E+02,1.233701E+03,9.093024E-02,3.655984E+03,2.533451E-02,0.000000E+00,0.000000E+00,1.024802E-02,2.533263E+02,6.274870E-02,7.161771E+02,7.033483E+02,1.024802E-02,3.120238E+02,4.560761E-02,4.660109E+02,6.532943E+02,5.944386E-02,2.136946E+03,1.024802E-02,0.000000E+00,0.000000E+00,1.024802E-02,2.533263E+02,5.436040E-02,6.225137E+02,6.109316E+02,1.024802E-02,3.120238E+02,3.757193E-02,3.762966E+02,5.696709E+02,5.953927E-02,2.139716E+03,1.024802E-02,0.000000E+00,0.000000E+00
21:00:00,2.533451E-02,6.610830E+02,1.008148E-01,1.129230E+03,1.121762E+03,2.533451E-02,8.061913E+02,7.638105E-02,7.112464E+02,1.150565E+03,9.143942E-02,3.670767E+03,2.533451E-02,0.000000E+00,0.000000E+00,1.024802E-02,2.674137E+02,5.472338E-02,6.124880E+02,6.008225E+02,1.024802E-02,3.261112E+02,3.777360E-02,3.644868E+02,5.573482E+02,5.947868E-02,2.137956E+03,1.024802E-02,0.000000E+00,0.000000E+00,1.024802E-02,2.674137E+02,5.026912E-02,5.627473E+02,5.515517E+02,1.024802E-02,3.261112E+02,3.338918E-02,3.155241E+02,5.099609E+02,5.957372E-02,2.140716E+03,1.024802E-02,0.000000E+00,0.000000E+00,2.486390E-02,6.488027E+02,8.565954E-02,9.599102E+02,9.794450E+02,2.486390E-02,7.912154E+02,7.709872E-02,7.219222E+02,1.115253E+03,4.079526E-02,2.181441E+03,2.486390E-02,0.000000E+00,0.000000E+00,1.005766E-02,2.624462E+02,4.876929E-02,5.459672E+02,5.434014E+02,1.005766E-02,3.200534E+02,3.842314E-02,3.728146E+02,5.487365E+02,3.810168E-02,1.509547E+03,1.005766E-02,0.000000E+00,0.000000E+00,1.005766E-02,2.624462E+02,4.403843E-02,4.931354E+02,4.921413E+02,1.005766E-02,3.200534E+02,3.376295E-02,3.207706E+02,4.995225E+02,3.819636E-02,1.512296E+03,1.005766E-02,0.000000E+00,0.000000E+00,2.533451E-02,6.610830E+02,9.285381E-02,1.040352E+03,1.024645E+03,2.533451E-02,8.061913E+02,6.887522E-02,6.274637E+02,1.047691E+03,9.093024E-02,3.655984E+03,2.533451E-02,0.000000E+00,0.000000E+00,1.024802E-02,2.674137E+02,5.163688E-02,5.780262E+02,5.646681E+02,1.024802E-02,3.261112E+02,3.478736E-02,3.311518E+02,5.170261E+02,5.944386E-02,2.136946E+03,1.024802E-02,0.000000E+00,0.000000E+00,1.024802E-02,2.674137E+02,4.716368E-02,5.280748E+02,5.149236E+02,1.024802E-02,3.261112E+02,3.041495E-02,2.823257E+02,4.680689E+02,5.953927E-02,2.139716E+03,1.024802E-02,0.000000E+00,0.000000E+00
22:00:00,2.533451E-02,6.959089E+02,9.309058E-02,1.008158E+03,9.988774E+02,2.533451E-02,8.410173E+02,6.859011E-02,5.894392E+02,1.022538E+03,9.143942E-02,3.670767E+03,2.533451E-02,0.000000E+00,0.000000E+00,1.024802E-02,2.815011E+02,4.936763E-02,5.385959E+02,5.273008E+02,1.024802E-02,3.401986E+02,3.228890E-02,2.891597E+02,4.830778E+02,5.947868E-02,2.137956E+03,1.024802E-02,0.000000E+00,0.000000E+00,1.024802E-02,2.815011E+02,4.557211E-02,4.962138E+02,4.837580E+02,1.024802E-02,3.401986E+02,2.861702E-02,2.481612E+02,4.364039E+02,5.957372E-02,2.140716E+03,1.024802E-02,0.000000E+00,0.000000E+00,2.486390E-02,6.829817E+02,8.080559E-02,8.715342E+02,8.911901E+02,2.486390E-02,8.253945E+02,7.223778E-02,6.334685E+02,1.026025E+03,4.079526E-02,2.181440E+03,2.486390E-02,0.000000E+00,0.000000E+00,1.005766E-02,2.762719E+02,4.441261E-02,4.834915E+02,4.828769E+02,1.005766E-02,3.338791E+02,3.400842E-02,3.096922E+02,4.891515E+02,3.810168E-02,1.509547E+03,1.005766E-02,0.000000E+00,0.000000E+00,1.005766E-02,2.762719E+02,4.050913E-02,4.399028E+02,4.381130E+02,1.005766E-02,3.338791E+02,3.020052E-02,2.671718E+02,4.435558E+02,3.819636E-02,1.512296E+03,1.005766E-02,0.000000E+00,0.000000E+00,2.533451E-02,6.959089E+02,8.528466E-02,9.210107E+02,9.054431E+02,2.533451E-02,8.410173E+02,6.128874E-02,5.079380E+02,9.241977E+02,9.093024E-02,3.655984E+03,2.533451E-02,0.000000E+00,0.000000E+00,1.024802E-02,2.815011E+02,4.626408E-02,5.039441E+02,4.912038E+02,1.024802E-02,3.401986E+02,2.931802E-02,2.559968E+02,4.427881E+02,5.944386E-02,2.136945E+03,1.024802E-02,0.000000E+00,0.000000E+00,1.024802E-02,2.815011E+02,4.247704E-02,4.616569E+02,4.476593E+02,1.024802E-02,3.401986E+02,2.567905E-02,2.153672E+02,3.953890E+02,5.953927E-02,2.139716E+03,1.024802E-02,0.000000E+00,0.000000E+00
23:00:00,2.533451E-02,7.229958E+02,8.704758E-02,9.135980E+02,9.016917E+02,2.533451E-02,8.681042E+02,6.259895E-02,4.954643E+02,9.210784E+02,9.143941E-02,3.670767E+03,2.533451E-02,0.000000E+00,0.000000E+00,1.024802E-02,2.924580E+02,4.532454E-02,4.824927E+02,4.701635E+02,1.024802E-02,3.511555E+02,2.824988E-02,2.331058E+02,4.225918E+02,5.947868E-02,2.137956E+03,1.024802E-02,0.000000E+00,0.000000E+00,1.024802E-02,2.924580E+02,4.175442E-02,4.426299E+02,4.286570E+02,1.024802E-02,3.511555E+02,2.482604E-02,1.948836E+02,3.754663E+02,5.957372E-02,2.140716E+03,1.024802E-02,0.000000E+00,0.000000E+00,2.486390E-02,7.095654E+02,7.738457E-02,8.067499E+02,8.263523E+02,2.486390E-02,8.519782E+02,6.884292E-02,5.689766E+02,9.609472E+02,4.079526E-02,2.181440E+03,2.486390E-02,0.000000E+00,0.000000E+00,1.005766E-02,2.870253E+02,4.138205E-02,4.388959E+02,4.381786E+02,1.005766E-02,3.446324E+02,3.097863E-02,2.651053E+02,4.443188E+02,3.810168E-02,1.509547E+03,1.005766E-02,0.000000E+00,0.000000E+00,1.005766E-02,2.870253E+02,3.777107E-02,3.985772E+02,3.957309E+02,1.005766E-02,3.446324E+02,2.747884E-02,2.260319E+02,3.996063E+02,3.819636E-02,1.512296E+03,1.005766E-02,0.000000E+00,0.000000E+00,2.533451E-02,7.229958E+02,7.968311E-02,8.313765E+02,8.142377E+02,2.533451E-02,8.681042E+02,5.576656E-02,4.191957E+02,8.291710E+02,9.093023E-02,3.655984E+03,2.533451E-02,0.000000E+00,0.000000E+00,1.024802E-02,2.924580E+02,4.238036E-02,4.496199E+02,4.360174E+02,1.024802E-02,3.511555E+02,2.544700E-02,2.018183E+02,3.840304E+02,5.944386E-02,2.136945E+03,1.024802E-02,0.000000E+00,0.000000E+00,1.024802E-02,2.924580E+02,3.882192E-02,4.098877E+02,3.945601E+02,1.024802E-02,3.511555E+02,2.206506E-02,1.640644E+02,3.362840E+02,5.953927E-02,2.139716E+03,1.024802E-02,0.000000E+00,0.000000E+00
24:00:00,2.533451E-02,7.500827E+02,8.153399E-02,8.249506E+02,8.090994E+02,2.533451E-02,8.951910E+02,5.717125E-02,4.077833E+02,8.224591E+02,9.143941E-02,3.670767E+03,2.533451E-02,0.000000E+00,0.000000E+00,1.024802E-02,3.034148E+02,4.156385E-02,4.295450E+02,4.153142E+02,1.024802E-02,3.621124E+02,2.452465E-02,1.805613E+02,3.608139E+02,5.947868E-02,2.137956E+03,1.024802E-02,0.000000E+00,0.000000E+00,1.024802E-02,3.034148E+02,3.816143E-02,3.915555E+02,3.756760E+02,1.024802E-02,3.621124E+02,2.128922E-02,1.444451E+02,3.144616E+02,5.957372E-02,2.140716E+03,1.024802E-02,0.000000E+00,0.000000E+00,2.486390E-02,7.361492E+02,7.461652E-02,7.492576E+02,7.675610E+02,2.486390E-02,8.785619E+02,6.610965E-02,5.118725E+02,9.020952E+02,4.079526E-02,2.181440E+03,2.486390E-02,0.000000E+00,0.000000E+00,1.005766E-02,2.977786E+02,3.873155E-02,3.985470E+02,3.963457E+02,1.005766E-02,3.553858E+02,2.834609E-02,2.249587E+02,4.007272E+02,3.810168E-02,1.509547E+03,1.005766E-02,0.000000E+00,0.000000E+00,1.005766E-02,2.977786E+02,3.531213E-02,3.603690E+02,3.559833E+02,1.005766E-02,3.553858E+02,2.505116E-02,1.881754E+02,3.576297E+02,3.819636E-02,1.512296E+03,1.005766E-02,0.000000E+00,0.000000E+00,2.533451E-02,7.500827E+02,7.465096E-02,7.481031E+02,7.271520E+02,2.533451E-02,8.951910E+02,5.085943E-02,3.373244E+02,7.361493E+02,9.093023E-02,3.655983E+03,2.533451E-02,0.000000E+00,0.000000E+00,1.024802E-02,3.034148E+02,3.880669E-02,3.987601E+02,3.832760E+02,1.024802E-02,3.621124E+02,2.192286E-02,1.515185E+02,3.239271E+02,5.944386E-02,2.136945E+03,1.024802E-02,0.000000E+00,0.000000E+00,1.024802E-02,3.034148E+02,3.541584E-02,3.608999E+02,3.436567E+02,1.024802E-02,3.621124E+02,1.873818E-02,1.159687E+02,2.768038E+02,5.953927E-02,2.139716E+03,1.024802E-02,0.000000E+00,0.000000E+00
Coinc Peak   ,9.143948E-02,2.133754E-01,3.670769E+03,2.614190E+03,5.947871E-02,1.335611E-01,2.137957E+03,1.575672E+03,5.957372E-02,1.160718E-01,2.140716E+03,1.365216E+03,4.079528E-02,1.402372E-01,2.181441E+03,1.793235E+03,3.810174E-02,1.128243E-01,1.509549E+03,1.330228E+03,3.819639E-02,9.589050E-02,1.512297E+03,1.104271E+03,9.093037E-02,1.744159E-01,3.655988E+03,2.179223E+03,5.944391E-02,1.259082E-01,2.136947E+03,1.488830E+03,5.953929E-02,1.052691E-01,2.139716E+03,1.225635E+03
NonCoinc Peak,9.143948E-02,2.133754E-01,3.670769E+03,2.614190E+03,5.947871E-02,1.335611E-01,2.137957E+03,1.575672E+03,5.957372E-02,1.160718E-01,2.140716E+03,1.365216E+03,4.079528E-02,1.402372E-01,2.181441E+03,1.793235E+03,3.810174E-02,1.128243E-01,1.509549E+03,1.330228E+03,3.819639E-02,9.589050E-02,1.512297E+03,1.104271E+03,9.093037E-02,1.744159E-01,3.655988E+03,2.179223E+03,5.944391E-02,1.259082E-01,2.136947E+03,1.488830E+03,5.953929E-02,1.052691E-01,2.139716E+03,1.225635E+03
